"modid","translated","total","remaining","percent","sourceJar","zh_tw_path"
"tooltip","1425","1887","462","75.5","C:\Users\sad79\AppData\Roaming\PrismLauncher\instances\FTB StoneBlock 4\minecraft\mods\actuallyadditions-1.3.24+mc1.21.1.jar","E:\stoneblock4-zh_tw\resourcepacks\sb4-zh_tw\assets\tooltip\lang\zh_tw.json"
"crystalix","0","172","172","0","C:\Users\sad79\AppData\Roaming\PrismLauncher\instances\FTB StoneBlock 4\minecraft\mods\crystalix-2.4.0.jar","E:\stoneblock4-zh_tw\resourcepacks\sb4-zh_tw\assets\crystalix\lang\zh_tw.json"
"simplylight","28","191","163","14.7","C:\Users\sad79\AppData\Roaming\PrismLauncher\instances\FTB StoneBlock 4\minecraft\mods\simplylight-1.5.3+1.21.1-b4.jar","E:\stoneblock4-zh_tw\resourcepacks\sb4-zh_tw\assets\simplylight\lang\zh_tw.json"
"text","1173","1331","158","88.1","C:\Users\sad79\AppData\Roaming\PrismLauncher\instances\FTB StoneBlock 4\minecraft\mods\AdvancedPeripherals-1.21.1-0.7.59b.jar","E:\stoneblock4-zh_tw\resourcepacks\sb4-zh_tw\assets\text\lang\zh_tw.json"
"ars_nouveau","2169","2317","148","93.6","C:\Users\sad79\AppData\Roaming\PrismLauncher\instances\FTB StoneBlock 4\minecraft\mods\ars_affinity-1.21.1-1.1.1.jar","E:\stoneblock4-zh_tw\resourcepacks\sb4-zh_tw\assets\ars_nouveau\lang\zh_tw.json"
"message","461","609","148","75.7","C:\Users\sad79\AppData\Roaming\PrismLauncher\instances\FTB StoneBlock 4\minecraft\mods\amendments-1.21-2.0.13-neoforge.jar","E:\stoneblock4-zh_tw\resourcepacks\sb4-zh_tw\assets\message\lang\zh_tw.json"
"antiblocksrechiseled","0","144","144","0","C:\Users\sad79\AppData\Roaming\PrismLauncher\instances\FTB StoneBlock 4\minecraft\mods\antiblocksrechiseled-neo-0.10.8.jar","E:\stoneblock4-zh_tw\resourcepacks\sb4-zh_tw\assets\antiblocksrechiseled\lang\zh_tw.json"
"tag","1291","1425","134","90.6","C:\Users\sad79\AppData\Roaming\PrismLauncher\instances\FTB StoneBlock 4\minecraft\mods\artifacts-neoforge-13.1.0.jar","E:\stoneblock4-zh_tw\resourcepacks\sb4-zh_tw\assets\tag\lang\zh_tw.json"
"connectedglass","0","120","120","0","C:\Users\sad79\AppData\Roaming\PrismLauncher\instances\FTB StoneBlock 4\minecraft\mods\connectedglass-1.1.14-neoforge-mc1.21.jar","E:\stoneblock4-zh_tw\resourcepacks\sb4-zh_tw\assets\connectedglass\lang\zh_tw.json"
"starbunclemania","0","105","105","0","C:\Users\sad79\AppData\Roaming\PrismLauncher\instances\FTB StoneBlock 4\minecraft\mods\starbunclemania-1.21.1-1.5.3.jar","E:\stoneblock4-zh_tw\resourcepacks\sb4-zh_tw\assets\starbunclemania\lang\zh_tw.json"
"nbt_ac","0","102","102","0","C:\Users\sad79\AppData\Roaming\PrismLauncher\instances\FTB StoneBlock 4\minecraft\mods\NBTac-NEOFORGE-1.21.1-1.3.10.jar","E:\stoneblock4-zh_tw\resourcepacks\sb4-zh_tw\assets\nbt_ac\lang\zh_tw.json"
"modularrouters","268","369","101","72.6","C:\Users\sad79\AppData\Roaming\PrismLauncher\instances\FTB StoneBlock 4\minecraft\mods\modular-routers-13.2.3+mc1.21.1.jar","E:\stoneblock4-zh_tw\resourcepacks\sb4-zh_tw\assets\modularrouters\lang\zh_tw.json"
"ars_affinity","0","98","98","0","C:\Users\sad79\AppData\Roaming\PrismLauncher\instances\FTB StoneBlock 4\minecraft\mods\ars_affinity-1.21.1-1.1.1.jar","E:\stoneblock4-zh_tw\resourcepacks\sb4-zh_tw\assets\ars_affinity\lang\zh_tw.json"
"table","0","98","98","0","C:\Users\sad79\AppData\Roaming\PrismLauncher\instances\FTB StoneBlock 4\minecraft\mods\bookshelf-neoforge-1.21.1-21.1.80.jar","E:\stoneblock4-zh_tw\resourcepacks\sb4-zh_tw\assets\table\lang\zh_tw.json"
"leaderboard","0","85","85","0","C:\Users\sad79\AppData\Roaming\PrismLauncher\instances\FTB StoneBlock 4\minecraft\mods\leaderboards-1.21.1-NeoForge-1.0.0.jar","E:\stoneblock4-zh_tw\resourcepacks\sb4-zh_tw\assets\leaderboard\lang\zh_tw.json"
"simpletomb","0","84","84","0","C:\Users\sad79\AppData\Roaming\PrismLauncher\instances\FTB StoneBlock 4\minecraft\mods\simpletomb-1.21.1-1.4.4.jar","E:\stoneblock4-zh_tw\resourcepacks\sb4-zh_tw\assets\simpletomb\lang\zh_tw.json"
"mob_grinding_utils","33","111","78","29.7","C:\Users\sad79\AppData\Roaming\PrismLauncher\instances\FTB StoneBlock 4\minecraft\mods\mob_grinding_utils-1.1.10+mc1.21.1.jar","E:\stoneblock4-zh_tw\resourcepacks\sb4-zh_tw\assets\mob_grinding_utils\lang\zh_tw.json"
"utilitarian","0","75","75","0","C:\Users\sad79\AppData\Roaming\PrismLauncher\instances\FTB StoneBlock 4\minecraft\mods\utilitarian-1.21.1-0.17.1.jar","E:\stoneblock4-zh_tw\resourcepacks\sb4-zh_tw\assets\utilitarian\lang\zh_tw.json"
"mininggadgets","0","72","72","0","C:\Users\sad79\AppData\Roaming\PrismLauncher\instances\FTB StoneBlock 4\minecraft\mods\mininggadgets-1.18.6.jar","E:\stoneblock4-zh_tw\resourcepacks\sb4-zh_tw\assets\mininggadgets\lang\zh_tw.json"
"mod_gui","0","70","70","0","C:\Users\sad79\AppData\Roaming\PrismLauncher\instances\FTB StoneBlock 4\minecraft\mods\BrandonsCore-1.21.1-3.2.1.309.jar","E:\stoneblock4-zh_tw\resourcepacks\sb4-zh_tw\assets\mod_gui\lang\zh_tw.json"
"tile","2","70","68","2.9","C:\Users\sad79\AppData\Roaming\PrismLauncher\instances\FTB StoneBlock 4\minecraft\mods\Draconic-Evolution-1.21.1-3.1.4.630.jar","E:\stoneblock4-zh_tw\resourcepacks\sb4-zh_tw\assets\tile\lang\zh_tw.json"
"ftbbackups3","0","67","67","0","C:\Users\sad79\AppData\Roaming\PrismLauncher\instances\FTB StoneBlock 4\minecraft\mods\ftb-backups-3-21.1.3.jar","E:\stoneblock4-zh_tw\resourcepacks\sb4-zh_tw\assets\ftbbackups3\lang\zh_tw.json"
"structurify","0","65","65","0","C:\Users\sad79\AppData\Roaming\PrismLauncher\instances\FTB StoneBlock 4\minecraft\mods\structurify-neoforge-1.0.21+mc1.21.1.jar","E:\stoneblock4-zh_tw\resourcepacks\sb4-zh_tw\assets\structurify\lang\zh_tw.json"
"book","1252","1316","64","95.1","C:\Users\sad79\AppData\Roaming\PrismLauncher\instances\FTB StoneBlock 4\minecraft\mods\Apotheosis-1.21.1-8.4.1.jar","E:\stoneblock4-zh_tw\resourcepacks\sb4-zh_tw\assets\book\lang\zh_tw.json"
"industrialforegoing","175","237","62","73.8","C:\Users\sad79\AppData\Roaming\PrismLauncher\instances\FTB StoneBlock 4\minecraft\mods\industrialforegoing-1.21-3.6.37.jar","E:\stoneblock4-zh_tw\resourcepacks\sb4-zh_tw\assets\industrialforegoing\lang\zh_tw.json"
"hostilenetworks","99","161","62","61.5","C:\Users\sad79\AppData\Roaming\PrismLauncher\instances\FTB StoneBlock 4\minecraft\mods\HostileNeuralNetworks-1.21.1-6.3.0.jar","E:\stoneblock4-zh_tw\resourcepacks\sb4-zh_tw\assets\hostilenetworks\lang\zh_tw.json"
"sodium","4","65","61","6.2","C:\Users\sad79\AppData\Roaming\PrismLauncher\instances\FTB StoneBlock 4\minecraft\mods\embeddium-1.0.15+mc1.21.1.jar","E:\stoneblock4-zh_tw\resourcepacks\sb4-zh_tw\assets\sodium\lang\zh_tw.json"
"pipe_connector","0","61","61","0","C:\Users\sad79\AppData\Roaming\PrismLauncher\instances\FTB StoneBlock 4\minecraft\mods\pipe_connector-neoforge-0.5.20.jar","E:\stoneblock4-zh_tw\resourcepacks\sb4-zh_tw\assets\pipe_connector\lang\zh_tw.json"
"statuseffectbars","0","58","58","0","C:\Users\sad79\AppData\Roaming\PrismLauncher\instances\FTB StoneBlock 4\minecraft\mods\statuseffectbars-1.21.1-NeoForge-1.0.2.jar","E:\stoneblock4-zh_tw\resourcepacks\sb4-zh_tw\assets\statuseffectbars\lang\zh_tw.json"
"createenchantablemachinery","0","56","56","0","C:\Users\sad79\AppData\Roaming\PrismLauncher\instances\FTB StoneBlock 4\minecraft\mods\createenchantablemachinery-3.4.3+mc1.21.1-neoforge.jar","E:\stoneblock4-zh_tw\resourcepacks\sb4-zh_tw\assets\createenchantablemachinery\lang\zh_tw.json"
"kiwi","2","56","54","3.6","C:\Users\sad79\AppData\Roaming\PrismLauncher\instances\FTB StoneBlock 4\minecraft\mods\Kiwi-1.21.1-NeoForge-15.8.2.jar","E:\stoneblock4-zh_tw\resourcepacks\sb4-zh_tw\assets\kiwi\lang\zh_tw.json"
"carbonconfig","0","54","54","0","C:\Users\sad79\AppData\Roaming\PrismLauncher\instances\FTB StoneBlock 4\minecraft\mods\CarbonConfig-Neoforge-1.21-1.2.9.6.1.jar","E:\stoneblock4-zh_tw\resourcepacks\sb4-zh_tw\assets\carbonconfig\lang\zh_tw.json"
"ftbechoes","5","56","51","8.9","C:\Users\sad79\AppData\Roaming\PrismLauncher\instances\FTB StoneBlock 4\minecraft\mods\ftb-echoes-21.1.6.jar","E:\stoneblock4-zh_tw\resourcepacks\sb4-zh_tw\assets\ftbechoes\lang\zh_tw.json"
"ftblibrary","10","60","50","16.7","C:\Users\sad79\AppData\Roaming\PrismLauncher\instances\FTB StoneBlock 4\minecraft\mods\ftb-library-neoforge-2101.1.30.jar","E:\stoneblock4-zh_tw\resourcepacks\sb4-zh_tw\assets\ftblibrary\lang\zh_tw.json"
"commands","209","257","48","81.3","C:\Users\sad79\AppData\Roaming\PrismLauncher\instances\FTB StoneBlock 4\minecraft\mods\appliedenergistics2-19.2.17.jar","E:\stoneblock4-zh_tw\resourcepacks\sb4-zh_tw\assets\commands\lang\zh_tw.json"
"gag","0","48","48","0","C:\Users\sad79\AppData\Roaming\PrismLauncher\instances\FTB StoneBlock 4\minecraft\mods\gag-neoforge-1.21.1-5.2.0.jar","E:\stoneblock4-zh_tw\resourcepacks\sb4-zh_tw\assets\gag\lang\zh_tw.json"
"petrock","0","44","44","0","C:\Users\sad79\AppData\Roaming\PrismLauncher\instances\FTB StoneBlock 4\minecraft\mods\petrock-neo-0.18.7.jar","E:\stoneblock4-zh_tw\resourcepacks\sb4-zh_tw\assets\petrock\lang\zh_tw.json"
"advancements","894","936","42","95.5","C:\Users\sad79\AppData\Roaming\PrismLauncher\instances\FTB StoneBlock 4\minecraft\mods\AdvancedPeripherals-1.21.1-0.7.59b.jar","E:\stoneblock4-zh_tw\resourcepacks\sb4-zh_tw\assets\advancements\lang\zh_tw.json"
"ftbultimine","38","80","42","47.5","C:\Users\sad79\AppData\Roaming\PrismLauncher\instances\FTB StoneBlock 4\minecraft\mods\ftb-ultimine-neoforge-2101.1.12.jar","E:\stoneblock4-zh_tw\resourcepacks\sb4-zh_tw\assets\ftbultimine\lang\zh_tw.json"
"actuallyadditions","307","348","41","88.2","C:\Users\sad79\AppData\Roaming\PrismLauncher\instances\FTB StoneBlock 4\minecraft\mods\actuallyadditions-1.3.24+mc1.21.1.jar","E:\stoneblock4-zh_tw\resourcepacks\sb4-zh_tw\assets\actuallyadditions\lang\zh_tw.json"
"ftbunearthed","0","40","40","0","C:\Users\sad79\AppData\Roaming\PrismLauncher\instances\FTB StoneBlock 4\minecraft\mods\ftb-unearthed-21.1.9.jar","E:\stoneblock4-zh_tw\resourcepacks\sb4-zh_tw\assets\ftbunearthed\lang\zh_tw.json"
"minecraft","892","931","39","95.8","C:\Users\sad79\AppData\Roaming\PrismLauncher\instances\FTB StoneBlock 4\minecraft\mods\actuallyadditions-1.3.24+mc1.21.1.jar","E:\stoneblock4-zh_tw\resourcepacks\sb4-zh_tw\assets\minecraft\lang\zh_tw.json"
"rftoolsbuilder","0","39","39","0","C:\Users\sad79\AppData\Roaming\PrismLauncher\instances\FTB StoneBlock 4\minecraft\mods\rftoolsbuilder-1.21-7.0.4.jar","E:\stoneblock4-zh_tw\resourcepacks\sb4-zh_tw\assets\rftoolsbuilder\lang\zh_tw.json"
"ars_hex","0","38","38","0","C:\Users\sad79\AppData\Roaming\PrismLauncher\instances\FTB StoneBlock 4\minecraft\mods\ars_hex-1.21.1-5.0.4b.jar","E:\stoneblock4-zh_tw\resourcepacks\sb4-zh_tw\assets\ars_hex\lang\zh_tw.json"
"reliquified_twilight_forest","0","38","38","0","C:\Users\sad79\AppData\Roaming\PrismLauncher\instances\FTB StoneBlock 4\minecraft\mods\reliquified_twilight_forest-1.21.1-0.5.2.jar","E:\stoneblock4-zh_tw\resourcepacks\sb4-zh_tw\assets\reliquified_twilight_forest\lang\zh_tw.json"
"affix","1148","1184","36","97","C:\Users\sad79\AppData\Roaming\PrismLauncher\instances\FTB StoneBlock 4\minecraft\mods\Apotheosis-1.21.1-8.4.1.jar","E:\stoneblock4-zh_tw\resourcepacks\sb4-zh_tw\assets\affix\lang\zh_tw.json"
"guideme","0","36","36","0","C:\Users\sad79\AppData\Roaming\PrismLauncher\instances\FTB StoneBlock 4\minecraft\mods\guideme-21.1.15.jar","E:\stoneblock4-zh_tw\resourcepacks\sb4-zh_tw\assets\guideme\lang\zh_tw.json"
"moreoverlays","0","36","36","0","C:\Users\sad79\AppData\Roaming\PrismLauncher\instances\FTB StoneBlock 4\minecraft\mods\moreoverlays-1.24.2-mc1.21.1-neoforge.jar","E:\stoneblock4-zh_tw\resourcepacks\sb4-zh_tw\assets\moreoverlays\lang\zh_tw.json"
"stonechest","0","36","36","0","C:\Users\sad79\AppData\Roaming\PrismLauncher\instances\FTB StoneBlock 4\minecraft\mods\stonechest-1.21.1-1.0.0.jar","E:\stoneblock4-zh_tw\resourcepacks\sb4-zh_tw\assets\stonechest\lang\zh_tw.json"
"jade","435","470","35","92.6","C:\Users\sad79\AppData\Roaming\PrismLauncher\instances\FTB StoneBlock 4\minecraft\mods\Apotheosis-1.21.1-8.4.1.jar","E:\stoneblock4-zh_tw\resourcepacks\sb4-zh_tw\assets\jade\lang\zh_tw.json"
"inventoryessentials","0","35","35","0","C:\Users\sad79\AppData\Roaming\PrismLauncher\instances\FTB StoneBlock 4\minecraft\mods\inventoryessentials-neoforge-1.21.1-21.1.12.jar","E:\stoneblock4-zh_tw\resourcepacks\sb4-zh_tw\assets\inventoryessentials\lang\zh_tw.json"
"farmersdelight","286","320","34","89.4","C:\Users\sad79\AppData\Roaming\PrismLauncher\instances\FTB StoneBlock 4\minecraft\mods\FarmersDelight-1.21.1-1.2.9.jar","E:\stoneblock4-zh_tw\resourcepacks\sb4-zh_tw\assets\farmersdelight\lang\zh_tw.json"
"ftbfiltersystem","0","34","34","0","C:\Users\sad79\AppData\Roaming\PrismLauncher\instances\FTB StoneBlock 4\minecraft\mods\ftb-filter-system-neoforge-21.1.3.jar","E:\stoneblock4-zh_tw\resourcepacks\sb4-zh_tw\assets\ftbfiltersystem\lang\zh_tw.json"
"property","0","33","33","0","C:\Users\sad79\AppData\Roaming\PrismLauncher\instances\FTB StoneBlock 4\minecraft\mods\crystalix-2.4.0.jar","E:\stoneblock4-zh_tw\resourcepacks\sb4-zh_tw\assets\property\lang\zh_tw.json"
"ali","515","547","32","94.1","C:\Users\sad79\AppData\Roaming\PrismLauncher\instances\FTB StoneBlock 4\minecraft\mods\AdvancedLootInfo-neoforge-1.21.1-1.6.0.jar","E:\stoneblock4-zh_tw\resourcepacks\sb4-zh_tw\assets\ali\lang\zh_tw.json"
"itemgroup","114","146","32","78.1","C:\Users\sad79\AppData\Roaming\PrismLauncher\instances\FTB StoneBlock 4\minecraft\mods\actuallyadditions-1.3.24+mc1.21.1.jar","E:\stoneblock4-zh_tw\resourcepacks\sb4-zh_tw\assets\itemgroup\lang\zh_tw.json"
"screen","79","111","32","71.2","C:\Users\sad79\AppData\Roaming\PrismLauncher\instances\FTB StoneBlock 4\minecraft\mods\BHMenu-NeoForge-1.21-2.4.4.jar","E:\stoneblock4-zh_tw\resourcepacks\sb4-zh_tw\assets\screen\lang\zh_tw.json"
"bhc","0","32","32","0","C:\Users\sad79\AppData\Roaming\PrismLauncher\instances\FTB StoneBlock 4\minecraft\mods\baubley-heart-canisters-1.21.1-1.3.1.jar","E:\stoneblock4-zh_tw\resourcepacks\sb4-zh_tw\assets\bhc\lang\zh_tw.json"
"extrastorage","0","32","32","0","C:\Users\sad79\AppData\Roaming\PrismLauncher\instances\FTB StoneBlock 4\minecraft\mods\ExtraStorage-1.21.1-5.0.8.jar","E:\stoneblock4-zh_tw\resourcepacks\sb4-zh_tw\assets\extrastorage\lang\zh_tw.json"
"filter","41","72","31","56.9","C:\Users\sad79\AppData\Roaming\PrismLauncher\instances\FTB StoneBlock 4\minecraft\mods\ftb-filter-system-neoforge-21.1.3.jar","E:\stoneblock4-zh_tw\resourcepacks\sb4-zh_tw\assets\filter\lang\zh_tw.json"
"morered","20","49","29","40.8","C:\Users\sad79\AppData\Roaming\PrismLauncher\instances\FTB StoneBlock 4\minecraft\mods\morered-1.21.1-6.0.0.3.jar","E:\stoneblock4-zh_tw\resourcepacks\sb4-zh_tw\assets\morered\lang\zh_tw.json"
"justzoom","0","29","29","0","C:\Users\sad79\AppData\Roaming\PrismLauncher\instances\FTB StoneBlock 4\minecraft\mods\justzoom_neoforge_2.1.0_MC_1.21.1.jar","E:\stoneblock4-zh_tw\resourcepacks\sb4-zh_tw\assets\justzoom\lang\zh_tw.json"
"main_screen","0","29","29","0","C:\Users\sad79\AppData\Roaming\PrismLauncher\instances\FTB StoneBlock 4\minecraft\mods\ExtremeSoundMuffler-3.52_NeoForge-1.21.jar","E:\stoneblock4-zh_tw\resourcepacks\sb4-zh_tw\assets\main_screen\lang\zh_tw.json"
"death","448","476","28","94.1","C:\Users\sad79\AppData\Roaming\PrismLauncher\instances\FTB StoneBlock 4\minecraft\mods\actuallyadditions-1.3.24+mc1.21.1.jar","E:\stoneblock4-zh_tw\resourcepacks\sb4-zh_tw\assets\death\lang\zh_tw.json"
"pocketstorage","0","28","28","0","C:\Users\sad79\AppData\Roaming\PrismLauncher\instances\FTB StoneBlock 4\minecraft\mods\pocketstorage-1.2.5+1.21.1-b3.jar","E:\stoneblock4-zh_tw\resourcepacks\sb4-zh_tw\assets\pocketstorage\lang\zh_tw.json"
"rconfig","0","28","28","0","C:\Users\sad79\AppData\Roaming\PrismLauncher\instances\FTB StoneBlock 4\minecraft\mods\resourcefulconfig-neoforge-1.21-3.0.11.jar","E:\stoneblock4-zh_tw\resourcepacks\sb4-zh_tw\assets\rconfig\lang\zh_tw.json"
"schematicenergistics","0","28","28","0","C:\Users\sad79\AppData\Roaming\PrismLauncher\instances\FTB StoneBlock 4\minecraft\mods\schematicenergistics-1.21.1-1.3.1.jar","E:\stoneblock4-zh_tw\resourcepacks\sb4-zh_tw\assets\schematicenergistics\lang\zh_tw.json"
"tip","88","115","27","76.5","C:\Users\sad79\AppData\Roaming\PrismLauncher\instances\FTB StoneBlock 4\minecraft\mods\AvaritiaNeo-1.21-1.2.8.jar","E:\stoneblock4-zh_tw\resourcepacks\sb4-zh_tw\assets\tip\lang\zh_tw.json"
"modonomicon","39","66","27","59.1","C:\Users\sad79\AppData\Roaming\PrismLauncher\instances\FTB StoneBlock 4\minecraft\mods\modonomicon-1.21.1-neoforge-1.117.2.jar","E:\stoneblock4-zh_tw\resourcepacks\sb4-zh_tw\assets\modonomicon\lang\zh_tw.json"
"villagerconfig","0","27","27","0","C:\Users\sad79\AppData\Roaming\PrismLauncher\instances\FTB StoneBlock 4\minecraft\mods\villagerconfig-neoforge-4.5.2+1.21.1.jar","E:\stoneblock4-zh_tw\resourcepacks\sb4-zh_tw\assets\villagerconfig\lang\zh_tw.json"
"malum","2891","2917","26","99.1","C:\Users\sad79\AppData\Roaming\PrismLauncher\instances\FTB StoneBlock 4\minecraft\mods\gaze-1.1.7.1.jar","E:\stoneblock4-zh_tw\resourcepacks\sb4-zh_tw\assets\malum\lang\zh_tw.json"
"titanium","0","26","26","0","C:\Users\sad79\AppData\Roaming\PrismLauncher\instances\FTB StoneBlock 4\minecraft\mods\titanium-1.21-4.0.40.jar","E:\stoneblock4-zh_tw\resourcepacks\sb4-zh_tw\assets\titanium\lang\zh_tw.json"
"rftoolsbase","0","25","25","0","C:\Users\sad79\AppData\Roaming\PrismLauncher\instances\FTB StoneBlock 4\minecraft\mods\rftoolsbase-1.21-6.0.10.jar","E:\stoneblock4-zh_tw\resourcepacks\sb4-zh_tw\assets\rftoolsbase\lang\zh_tw.json"
"reliquified_ars_nouveau","0","23","23","0","C:\Users\sad79\AppData\Roaming\PrismLauncher\instances\FTB StoneBlock 4\minecraft\mods\reliquified_ars_nouveau-1.21.1-0.6.1.jar","E:\stoneblock4-zh_tw\resourcepacks\sb4-zh_tw\assets\reliquified_ars_nouveau\lang\zh_tw.json"
"modernfix","130","152","22","85.5","C:\Users\sad79\AppData\Roaming\PrismLauncher\instances\FTB StoneBlock 4\minecraft\mods\modernfix-neoforge-5.25.1+mc1.21.1.jar","E:\stoneblock4-zh_tw\resourcepacks\sb4-zh_tw\assets\modernfix\lang\zh_tw.json"
"ui","90","112","22","80.4","C:\Users\sad79\AppData\Roaming\PrismLauncher\instances\FTB StoneBlock 4\minecraft\mods\Clavis-NEOFORGE-0.2.10+1.21.1.jar","E:\stoneblock4-zh_tw\resourcepacks\sb4-zh_tw\assets\ui\lang\zh_tw.json"
"rule","9","31","22","29","C:\Users\sad79\AppData\Roaming\PrismLauncher\instances\FTB StoneBlock 4\minecraft\mods\Clavis-NEOFORGE-0.2.10+1.21.1.jar","E:\stoneblock4-zh_tw\resourcepacks\sb4-zh_tw\assets\rule\lang\zh_tw.json"
"inventorysorter","0","22","22","0","C:\Users\sad79\AppData\Roaming\PrismLauncher\instances\FTB StoneBlock 4\minecraft\mods\inventorysorter-1.21.1-24.0.24.jar","E:\stoneblock4-zh_tw\resourcepacks\sb4-zh_tw\assets\inventorysorter\lang\zh_tw.json"
"modules","0","22","22","0","C:\Users\sad79\AppData\Roaming\PrismLauncher\instances\FTB StoneBlock 4\minecraft\mods\BHMenu-NeoForge-1.21-2.4.4.jar","E:\stoneblock4-zh_tw\resourcepacks\sb4-zh_tw\assets\modules\lang\zh_tw.json"
"jearchaeology","0","21","21","0","C:\Users\sad79\AppData\Roaming\PrismLauncher\instances\FTB StoneBlock 4\minecraft\mods\jearchaeology-1.21.1-1.1.6.jar","E:\stoneblock4-zh_tw\resourcepacks\sb4-zh_tw\assets\jearchaeology\lang\zh_tw.json"
"rftoolspower","0","21","21","0","C:\Users\sad79\AppData\Roaming\PrismLauncher\instances\FTB StoneBlock 4\minecraft\mods\rftoolspower-1.21-7.0.5.jar","E:\stoneblock4-zh_tw\resourcepacks\sb4-zh_tw\assets\rftoolspower\lang\zh_tw.json"
"step","0","21","21","0","C:\Users\sad79\AppData\Roaming\PrismLauncher\instances\FTB StoneBlock 4\minecraft\mods\BHMenu-NeoForge-1.21-2.4.4.jar","E:\stoneblock4-zh_tw\resourcepacks\sb4-zh_tw\assets\step\lang\zh_tw.json"
"xycraft_machines","146","166","20","88","C:\Users\sad79\AppData\Roaming\PrismLauncher\instances\FTB StoneBlock 4\minecraft\mods\xycraft_core-0.7.53-all.jar","E:\stoneblock4-zh_tw\resourcepacks\sb4-zh_tw\assets\xycraft_machines\lang\zh_tw.json"
"compactmachines","0","20","20","0","C:\Users\sad79\AppData\Roaming\PrismLauncher\instances\FTB StoneBlock 4\minecraft\mods\compactmachines-neoforge-7.0.78.jar","E:\stoneblock4-zh_tw\resourcepacks\sb4-zh_tw\assets\compactmachines\lang\zh_tw.json"
"roost_chicken","0","20","20","0","C:\Users\sad79\AppData\Roaming\PrismLauncher\instances\FTB StoneBlock 4\minecraft\mods\roostultimate_1.21.1-curse-4.1.0.jar","E:\stoneblock4-zh_tw\resourcepacks\sb4-zh_tw\assets\roost_chicken\lang\zh_tw.json"
"jei","388","407","19","95.3","C:\Users\sad79\AppData\Roaming\PrismLauncher\instances\FTB StoneBlock 4\minecraft\mods\actuallyadditions-1.3.24+mc1.21.1.jar","E:\stoneblock4-zh_tw\resourcepacks\sb4-zh_tw\assets\jei\lang\zh_tw.json"
"justdynathings","64","83","19","77.1","C:\Users\sad79\AppData\Roaming\PrismLauncher\instances\FTB StoneBlock 4\minecraft\mods\justdynathings-1.14.jar","E:\stoneblock4-zh_tw\resourcepacks\sb4-zh_tw\assets\justdynathings\lang\zh_tw.json"
"farmingforblockheads","13","32","19","40.6","C:\Users\sad79\AppData\Roaming\PrismLauncher\instances\FTB StoneBlock 4\minecraft\mods\farmingforblockheads-neoforge-1.21.1-21.1.10.jar","E:\stoneblock4-zh_tw\resourcepacks\sb4-zh_tw\assets\farmingforblockheads\lang\zh_tw.json"
"custommachineryars","0","19","19","0","C:\Users\sad79\AppData\Roaming\PrismLauncher\instances\FTB StoneBlock 4\minecraft\mods\custom_machinery_ars-1.2.2.jar","E:\stoneblock4-zh_tw\resourcepacks\sb4-zh_tw\assets\custommachineryars\lang\zh_tw.json"
"artifacts","394","412","18","95.6","C:\Users\sad79\AppData\Roaming\PrismLauncher\instances\FTB StoneBlock 4\minecraft\mods\artifacts-neoforge-13.1.0.jar","E:\stoneblock4-zh_tw\resourcepacks\sb4-zh_tw\assets\artifacts\lang\zh_tw.json"
"ccl","0","18","18","0","C:\Users\sad79\AppData\Roaming\PrismLauncher\instances\FTB StoneBlock 4\minecraft\mods\CodeChickenLib-1.21.1-4.6.1.526.jar","E:\stoneblock4-zh_tw\resourcepacks\sb4-zh_tw\assets\ccl\lang\zh_tw.json"
"trashslot","6","23","17","26.1","C:\Users\sad79\AppData\Roaming\PrismLauncher\instances\FTB StoneBlock 4\minecraft\mods\trashslot-neoforge-1.21.1-21.1.4.jar","E:\stoneblock4-zh_tw\resourcepacks\sb4-zh_tw\assets\trashslot\lang\zh_tw.json"
"ars_creo","0","17","17","0","C:\Users\sad79\AppData\Roaming\PrismLauncher\instances\FTB StoneBlock 4\minecraft\mods\ars_creo-1.21.1-5.1.0.jar","E:\stoneblock4-zh_tw\resourcepacks\sb4-zh_tw\assets\ars_creo\lang\zh_tw.json"
"jags","0","17","17","0","C:\Users\sad79\AppData\Roaming\PrismLauncher\instances\FTB StoneBlock 4\minecraft\mods\jags-neo-21.1.5+mc1.21.1.jar","E:\stoneblock4-zh_tw\resourcepacks\sb4-zh_tw\assets\jags\lang\zh_tw.json"
"mecrh","0","17","17","0","C:\Users\sad79\AppData\Roaming\PrismLauncher\instances\FTB StoneBlock 4\minecraft\mods\mighty-ender-chicken-rehatched-21.1.5.jar","E:\stoneblock4-zh_tw\resourcepacks\sb4-zh_tw\assets\mecrh\lang\zh_tw.json"
"xnetgases","0","17","17","0","C:\Users\sad79\AppData\Roaming\PrismLauncher\instances\FTB StoneBlock 4\minecraft\mods\xnetgases-1.21.1-6.0.1.jar","E:\stoneblock4-zh_tw\resourcepacks\sb4-zh_tw\assets\xnetgases\lang\zh_tw.json"
"subtitle","48","64","16","75","C:\Users\sad79\AppData\Roaming\PrismLauncher\instances\FTB StoneBlock 4\minecraft\mods\Apotheosis-1.21.1-8.4.1.jar","E:\stoneblock4-zh_tw\resourcepacks\sb4-zh_tw\assets\subtitle\lang\zh_tw.json"
"cable_facades","0","16","16","0","C:\Users\sad79\AppData\Roaming\PrismLauncher\instances\FTB StoneBlock 4\minecraft\mods\cable_facades-1.21.1-NeoForge-1.6.5.jar","E:\stoneblock4-zh_tw\resourcepacks\sb4-zh_tw\assets\cable_facades\lang\zh_tw.json"
"extremesoundmuffler","0","16","16","0","C:\Users\sad79\AppData\Roaming\PrismLauncher\instances\FTB StoneBlock 4\minecraft\mods\ExtremeSoundMuffler-3.52_NeoForge-1.21.jar","E:\stoneblock4-zh_tw\resourcepacks\sb4-zh_tw\assets\extremesoundmuffler\lang\zh_tw.json"
"jumbofurnace","0","16","16","0","C:\Users\sad79\AppData\Roaming\PrismLauncher\instances\FTB StoneBlock 4\minecraft\mods\jumbofurnace-1.21.1-5.0.0.8.jar","E:\stoneblock4-zh_tw\resourcepacks\sb4-zh_tw\assets\jumbofurnace\lang\zh_tw.json"
"more_immersive_wires","0","16","16","0","C:\Users\sad79\AppData\Roaming\PrismLauncher\instances\FTB StoneBlock 4\minecraft\mods\more-immersive-wires-1.21.1-1.1.8.jar","E:\stoneblock4-zh_tw\resourcepacks\sb4-zh_tw\assets\more_immersive_wires\lang\zh_tw.json"
"ironchest","20","35","15","57.1","C:\Users\sad79\AppData\Roaming\PrismLauncher\instances\FTB StoneBlock 4\minecraft\mods\ironchest-1.21-neoforge-16.0.7.jar","E:\stoneblock4-zh_tw\resourcepacks\sb4-zh_tw\assets\ironchest\lang\zh_tw.json"
"craftingtweaks","15","30","15","50","C:\Users\sad79\AppData\Roaming\PrismLauncher\instances\FTB StoneBlock 4\minecraft\mods\craftingtweaks-neoforge-1.21.1-21.1.6.jar","E:\stoneblock4-zh_tw\resourcepacks\sb4-zh_tw\assets\craftingtweaks\lang\zh_tw.json"
"beer","0","15","15","0","C:\Users\sad79\AppData\Roaming\PrismLauncher\instances\FTB StoneBlock 4\minecraft\mods\beer-1.21.1-1.4.1.jar","E:\stoneblock4-zh_tw\resourcepacks\sb4-zh_tw\assets\beer\lang\zh_tw.json"
"irons_spellbooks","458","472","14","97","C:\Users\sad79\AppData\Roaming\PrismLauncher\instances\FTB StoneBlock 4\minecraft\mods\irons_spellbooks-1.21.1-3.15.0.jar","E:\stoneblock4-zh_tw\resourcepacks\sb4-zh_tw\assets\irons_spellbooks\lang\zh_tw.json"
"emi","67","81","14","82.7","C:\Users\sad79\AppData\Roaming\PrismLauncher\instances\FTB StoneBlock 4\minecraft\mods\AdvancedAE-1.6.9-1.21.1.jar","E:\stoneblock4-zh_tw\resourcepacks\sb4-zh_tw\assets\emi\lang\zh_tw.json"
"colorfulhearts","0","14","14","0","C:\Users\sad79\AppData\Roaming\PrismLauncher\instances\FTB StoneBlock 4\minecraft\mods\colorfulhearts-neoforge-1.21.1-10.5.9.jar","E:\stoneblock4-zh_tw\resourcepacks\sb4-zh_tw\assets\colorfulhearts\lang\zh_tw.json"
"xp_synthesiser","0","14","14","0","C:\Users\sad79\AppData\Roaming\PrismLauncher\instances\FTB StoneBlock 4\minecraft\mods\xp_synthesiser-1.0.3.jar","E:\stoneblock4-zh_tw\resourcepacks\sb4-zh_tw\assets\xp_synthesiser\lang\zh_tw.json"
"bambooeverything","8","21","13","38.1","C:\Users\sad79\AppData\Roaming\PrismLauncher\instances\FTB StoneBlock 4\minecraft\mods\bambooeverything-neoforge-21.1.2+mc1.21.1.jar","E:\stoneblock4-zh_tw\resourcepacks\sb4-zh_tw\assets\bambooeverything\lang\zh_tw.json"
"ftbpackcompanion","0","13","13","0","C:\Users\sad79\AppData\Roaming\PrismLauncher\instances\FTB StoneBlock 4\minecraft\mods\ftb-pack-companion-21.1.15.jar","E:\stoneblock4-zh_tw\resourcepacks\sb4-zh_tw\assets\ftbpackcompanion\lang\zh_tw.json"
"mekanisticrouters","0","13","13","0","C:\Users\sad79\AppData\Roaming\PrismLauncher\instances\FTB StoneBlock 4\minecraft\mods\mekanisticrouters-1.1.1.jar","E:\stoneblock4-zh_tw\resourcepacks\sb4-zh_tw\assets\mekanisticrouters\lang\zh_tw.json"
"cataclysm","464","476","12","97.5","C:\Users\sad79\AppData\Roaming\PrismLauncher\instances\FTB StoneBlock 4\minecraft\mods\L_Ender's Cataclysm 1.21.1-3.16.jar","E:\stoneblock4-zh_tw\resourcepacks\sb4-zh_tw\assets\cataclysm\lang\zh_tw.json"
"pattern","39","51","12","76.5","C:\Users\sad79\AppData\Roaming\PrismLauncher\instances\FTB StoneBlock 4\minecraft\mods\ExtendedAE-1.21-2.2.27-neoforge.jar","E:\stoneblock4-zh_tw\resourcepacks\sb4-zh_tw\assets\pattern\lang\zh_tw.json"
"balm","0","12","12","0","C:\Users\sad79\AppData\Roaming\PrismLauncher\instances\FTB StoneBlock 4\minecraft\mods\balm-neoforge-1.21.1-21.0.56.jar","E:\stoneblock4-zh_tw\resourcepacks\sb4-zh_tw\assets\balm\lang\zh_tw.json"
"gui_tkt","0","12","12","0","C:\Users\sad79\AppData\Roaming\PrismLauncher\instances\FTB StoneBlock 4\minecraft\mods\BrandonsCore-1.21.1-3.2.1.309.jar","E:\stoneblock4-zh_tw\resourcepacks\sb4-zh_tw\assets\gui_tkt\lang\zh_tw.json"
"packaction","0","12","12","0","C:\Users\sad79\AppData\Roaming\PrismLauncher\instances\FTB StoneBlock 4\minecraft\mods\ResourcePackOverrides-v21.1.0-1.21.1-NeoForge.jar","E:\stoneblock4-zh_tw\resourcepacks\sb4-zh_tw\assets\packaction\lang\zh_tw.json"
"rep_ae2_bridge","0","12","12","0","C:\Users\sad79\AppData\Roaming\PrismLauncher\instances\FTB StoneBlock 4\minecraft\mods\rep_ae2_bridge-1.7.0.1.2-neoforge-1.21.1.jar","E:\stoneblock4-zh_tw\resourcepacks\sb4-zh_tw\assets\rep_ae2_bridge\lang\zh_tw.json"
"tooltop","0","12","12","0","C:\Users\sad79\AppData\Roaming\PrismLauncher\instances\FTB StoneBlock 4\minecraft\mods\mininggadgets-1.18.6.jar","E:\stoneblock4-zh_tw\resourcepacks\sb4-zh_tw\assets\tooltop\lang\zh_tw.json"
"simplyswords","1469","1480","11","99.3","C:\Users\sad79\AppData\Roaming\PrismLauncher\instances\FTB StoneBlock 4\minecraft\mods\simplyswords-neoforge-1.62.0-1.21.1.jar","E:\stoneblock4-zh_tw\resourcepacks\sb4-zh_tw\assets\simplyswords\lang\zh_tw.json"
"psi","1011","1022","11","98.9","C:\Users\sad79\AppData\Roaming\PrismLauncher\instances\FTB StoneBlock 4\minecraft\mods\Psi-1.21.1-107.jar","E:\stoneblock4-zh_tw\resourcepacks\sb4-zh_tw\assets\psi\lang\zh_tw.json"
"fluid","66","77","11","85.7","C:\Users\sad79\AppData\Roaming\PrismLauncher\instances\FTB StoneBlock 4\minecraft\mods\actuallyadditions-1.3.24+mc1.21.1.jar","E:\stoneblock4-zh_tw\resourcepacks\sb4-zh_tw\assets\fluid\lang\zh_tw.json"
"biome","25","36","11","69.4","C:\Users\sad79\AppData\Roaming\PrismLauncher\instances\FTB StoneBlock 4\minecraft\mods\appliedenergistics2-19.2.17.jar","E:\stoneblock4-zh_tw\resourcepacks\sb4-zh_tw\assets\biome\lang\zh_tw.json"
"akashictome","0","11","11","0","C:\Users\sad79\AppData\Roaming\PrismLauncher\instances\FTB StoneBlock 4\minecraft\mods\AkashicTome-1.8-29.jar","E:\stoneblock4-zh_tw\resourcepacks\sb4-zh_tw\assets\akashictome\lang\zh_tw.json"
"belts","0","11","11","0","C:\Users\sad79\AppData\Roaming\PrismLauncher\instances\FTB StoneBlock 4\minecraft\mods\belts-neoforge-0.2.2.jar","E:\stoneblock4-zh_tw\resourcepacks\sb4-zh_tw\assets\belts\lang\zh_tw.json"
"lychee","0","11","11","0","C:\Users\sad79\AppData\Roaming\PrismLauncher\instances\FTB StoneBlock 4\minecraft\mods\Lychee-1.21.1-NeoForge-6.4.2.jar","E:\stoneblock4-zh_tw\resourcepacks\sb4-zh_tw\assets\lychee\lang\zh_tw.json"
"moofluids","0","11","11","0","C:\Users\sad79\AppData\Roaming\PrismLauncher\instances\FTB StoneBlock 4\minecraft\mods\moofluids-1.21.1-NeoForge-1.3.4.jar","E:\stoneblock4-zh_tw\resourcepacks\sb4-zh_tw\assets\moofluids\lang\zh_tw.json"
"moreimmersivewires","0","11","11","0","C:\Users\sad79\AppData\Roaming\PrismLauncher\instances\FTB StoneBlock 4\minecraft\mods\more-immersive-wires-1.21.1-1.1.8.jar","E:\stoneblock4-zh_tw\resourcepacks\sb4-zh_tw\assets\moreimmersivewires\lang\zh_tw.json"
"extendedae","184","194","10","94.8","C:\Users\sad79\AppData\Roaming\PrismLauncher\instances\FTB StoneBlock 4\minecraft\mods\ExtendedAE-1.21-2.2.27-neoforge.jar","E:\stoneblock4-zh_tw\resourcepacks\sb4-zh_tw\assets\extendedae\lang\zh_tw.json"
"laserio","35","45","10","77.8","C:\Users\sad79\AppData\Roaming\PrismLauncher\instances\FTB StoneBlock 4\minecraft\mods\laserio-1.9.11.jar","E:\stoneblock4-zh_tw\resourcepacks\sb4-zh_tw\assets\laserio\lang\zh_tw.json"
"categories","18","28","10","64.3","C:\Users\sad79\AppData\Roaming\PrismLauncher\instances\FTB StoneBlock 4\minecraft\mods\Apotheosis-1.21.1-8.4.1.jar","E:\stoneblock4-zh_tw\resourcepacks\sb4-zh_tw\assets\categories\lang\zh_tw.json"
"gamerule","6","16","10","37.5","C:\Users\sad79\AppData\Roaming\PrismLauncher\instances\FTB StoneBlock 4\minecraft\mods\compactmachines-neoforge-7.0.78.jar","E:\stoneblock4-zh_tw\resourcepacks\sb4-zh_tw\assets\gamerule\lang\zh_tw.json"
"morphtool","2","12","10","16.7","C:\Users\sad79\AppData\Roaming\PrismLauncher\instances\FTB StoneBlock 4\minecraft\mods\Morph-o-Tool-1.8-39.jar","E:\stoneblock4-zh_tw\resourcepacks\sb4-zh_tw\assets\morphtool\lang\zh_tw.json"
"simpleteleporters","2","12","10","16.7","C:\Users\sad79\AppData\Roaming\PrismLauncher\instances\FTB StoneBlock 4\minecraft\mods\SimpleTeleportersReforged-1.21.1-2.1.0.jar","E:\stoneblock4-zh_tw\resourcepacks\sb4-zh_tw\assets\simpleteleporters\lang\zh_tw.json"
"mekagenjei","0","10","10","0","C:\Users\sad79\AppData\Roaming\PrismLauncher\instances\FTB StoneBlock 4\minecraft\mods\mekagenjei-1.2.jar","E:\stoneblock4-zh_tw\resourcepacks\sb4-zh_tw\assets\mekagenjei\lang\zh_tw.json"
"chat","163","172","9","94.8","C:\Users\sad79\AppData\Roaming\PrismLauncher\instances\FTB StoneBlock 4\minecraft\mods\AE2NetworkAnalyzer-1.21-2.1.4-neoforge.jar","E:\stoneblock4-zh_tw\resourcepacks\sb4-zh_tw\assets\chat\lang\zh_tw.json"
"key","3","12","9","25","C:\Users\sad79\AppData\Roaming\PrismLauncher\instances\FTB StoneBlock 4\minecraft\mods\CarbonConfig-Neoforge-1.21-1.2.9.6.1.jar","E:\stoneblock4-zh_tw\resourcepacks\sb4-zh_tw\assets\key\lang\zh_tw.json"
"client","0","9","9","0","C:\Users\sad79\AppData\Roaming\PrismLauncher\instances\FTB StoneBlock 4\minecraft\mods\xycraft_core-0.7.53-all.jar","E:\stoneblock4-zh_tw\resourcepacks\sb4-zh_tw\assets\client\lang\zh_tw.json"
"custommachinerycreate","0","9","9","0","C:\Users\sad79\AppData\Roaming\PrismLauncher\instances\FTB StoneBlock 4\minecraft\mods\CustomMachineryCreate-1.21.1-1.2.3.jar","E:\stoneblock4-zh_tw\resourcepacks\sb4-zh_tw\assets\custommachinerycreate\lang\zh_tw.json"
"tooltips","277","285","8","97.2","C:\Users\sad79\AppData\Roaming\PrismLauncher\instances\FTB StoneBlock 4\minecraft\mods\AdvancedAE-1.6.9-1.21.1.jar","E:\stoneblock4-zh_tw\resourcepacks\sb4-zh_tw\assets\tooltips\lang\zh_tw.json"
"ae2netanalyser","23","31","8","74.2","C:\Users\sad79\AppData\Roaming\PrismLauncher\instances\FTB StoneBlock 4\minecraft\mods\AE2NetworkAnalyzer-1.21-2.1.4-neoforge.jar","E:\stoneblock4-zh_tw\resourcepacks\sb4-zh_tw\assets\ae2netanalyser\lang\zh_tw.json"
"conveyor","23","31","8","74.2","C:\Users\sad79\AppData\Roaming\PrismLauncher\instances\FTB StoneBlock 4\minecraft\mods\industrialforegoing-1.21-3.6.37.jar","E:\stoneblock4-zh_tw\resourcepacks\sb4-zh_tw\assets\conveyor\lang\zh_tw.json"
"sidebar_button","14","22","8","63.6","C:\Users\sad79\AppData\Roaming\PrismLauncher\instances\FTB StoneBlock 4\minecraft\mods\ftb-backups-3-21.1.3.jar","E:\stoneblock4-zh_tw\resourcepacks\sb4-zh_tw\assets\sidebar_button\lang\zh_tw.json"
"fusion","0","8","8","0","C:\Users\sad79\AppData\Roaming\PrismLauncher\instances\FTB StoneBlock 4\minecraft\mods\fusion-1.2.11e-neoforge-mc1.21.1.jar","E:\stoneblock4-zh_tw\resourcepacks\sb4-zh_tw\assets\fusion\lang\zh_tw.json"
"measurements","0","8","8","0","C:\Users\sad79\AppData\Roaming\PrismLauncher\instances\FTB StoneBlock 4\minecraft\mods\Measurements-neoforge-1.21.1-3.0.3.jar","E:\stoneblock4-zh_tw\resourcepacks\sb4-zh_tw\assets\measurements\lang\zh_tw.json"
"shrink","0","8","8","0","C:\Users\sad79\AppData\Roaming\PrismLauncher\instances\FTB StoneBlock 4\minecraft\mods\shrink-2.0.1.47-neoforge.jar","E:\stoneblock4-zh_tw\resourcepacks\sb4-zh_tw\assets\shrink\lang\zh_tw.json"
"curios","46","53","7","86.8","C:\Users\sad79\AppData\Roaming\PrismLauncher\instances\FTB StoneBlock 4\minecraft\mods\AdvancedAE-1.6.9-1.21.1.jar","E:\stoneblock4-zh_tw\resourcepacks\sb4-zh_tw\assets\curios\lang\zh_tw.json"
"routers","29","36","7","80.6","C:\Users\sad79\AppData\Roaming\PrismLauncher\instances\FTB StoneBlock 4\minecraft\mods\routers-1.21.1-1.1.6.jar","E:\stoneblock4-zh_tw\resourcepacks\sb4-zh_tw\assets\routers\lang\zh_tw.json"
"authme","23","30","7","76.7","C:\Users\sad79\AppData\Roaming\PrismLauncher\instances\FTB StoneBlock 4\minecraft\mods\authme-neoforge-9.0.1+1.21.1.jar","E:\stoneblock4-zh_tw\resourcepacks\sb4-zh_tw\assets\authme\lang\zh_tw.json"
"category","4","11","7","36.4","C:\Users\sad79\AppData\Roaming\PrismLauncher\instances\FTB StoneBlock 4\minecraft\mods\ars_nouveau-1.21.1-5.11.1.jar","E:\stoneblock4-zh_tw\resourcepacks\sb4-zh_tw\assets\category\lang\zh_tw.json"
"embeddium","2","9","7","22.2","C:\Users\sad79\AppData\Roaming\PrismLauncher\instances\FTB StoneBlock 4\minecraft\mods\embeddium-1.0.15+mc1.21.1.jar","E:\stoneblock4-zh_tw\resourcepacks\sb4-zh_tw\assets\embeddium\lang\zh_tw.json"
"config","1","8","7","12.5","C:\Users\sad79\AppData\Roaming\PrismLauncher\instances\FTB StoneBlock 4\minecraft\mods\BHMenu-NeoForge-1.21-2.4.4.jar","E:\stoneblock4-zh_tw\resourcepacks\sb4-zh_tw\assets\config\lang\zh_tw.json"
"xycraft","0","7","7","0","C:\Users\sad79\AppData\Roaming\PrismLauncher\instances\FTB StoneBlock 4\minecraft\mods\xycraft_core-0.7.53-all.jar","E:\stoneblock4-zh_tw\resourcepacks\sb4-zh_tw\assets\xycraft\lang\zh_tw.json"
"immersiveengineering","956","962","6","99.4","C:\Users\sad79\AppData\Roaming\PrismLauncher\instances\FTB StoneBlock 4\minecraft\mods\ImmersiveEngineering-1.21.1-12.4.2-194.jar","E:\stoneblock4-zh_tw\resourcepacks\sb4-zh_tw\assets\immersiveengineering\lang\zh_tw.json"
"container","236","242","6","97.5","C:\Users\sad79\AppData\Roaming\PrismLauncher\instances\FTB StoneBlock 4\minecraft\mods\actuallyadditions-1.3.24+mc1.21.1.jar","E:\stoneblock4-zh_tw\resourcepacks\sb4-zh_tw\assets\container\lang\zh_tw.json"
"bonsaitrees4","62","68","6","91.2","C:\Users\sad79\AppData\Roaming\PrismLauncher\instances\FTB StoneBlock 4\minecraft\mods\bonsaitrees4-4.0.9.jar","E:\stoneblock4-zh_tw\resourcepacks\sb4-zh_tw\assets\bonsaitrees4\lang\zh_tw.json"
"log","50","56","6","89.3","C:\Users\sad79\AppData\Roaming\PrismLauncher\instances\FTB StoneBlock 4\minecraft\mods\ExtremeSoundMuffler-3.52_NeoForge-1.21.jar","E:\stoneblock4-zh_tw\resourcepacks\sb4-zh_tw\assets\log\lang\zh_tw.json"
"metalbarrels","38","44","6","86.4","C:\Users\sad79\AppData\Roaming\PrismLauncher\instances\FTB StoneBlock 4\minecraft\mods\metalbarrels-neoforge-1.21.1-7.jar","E:\stoneblock4-zh_tw\resourcepacks\sb4-zh_tw\assets\metalbarrels\lang\zh_tw.json"
"direction","31","37","6","83.8","C:\Users\sad79\AppData\Roaming\PrismLauncher\instances\FTB StoneBlock 4\minecraft\mods\classicpipes-neoforge-1.21.1-1.0.10.jar","E:\stoneblock4-zh_tw\resourcepacks\sb4-zh_tw\assets\direction\lang\zh_tw.json"
"custommachinerymekanism","24","30","6","80","C:\Users\sad79\AppData\Roaming\PrismLauncher\instances\FTB StoneBlock 4\minecraft\mods\CustomMachineryMekanism-1.21.1-1.4.15.jar","E:\stoneblock4-zh_tw\resourcepacks\sb4-zh_tw\assets\custommachinerymekanism\lang\zh_tw.json"
"hud","5","11","6","45.5","C:\Users\sad79\AppData\Roaming\PrismLauncher\instances\FTB StoneBlock 4\minecraft\mods\BrandonsCore-1.21.1-3.2.1.309.jar","E:\stoneblock4-zh_tw\resourcepacks\sb4-zh_tw\assets\hud\lang\zh_tw.json"
"oracle_index","3","9","6","33.3","C:\Users\sad79\AppData\Roaming\PrismLauncher\instances\FTB StoneBlock 4\minecraft\mods\irregular-implements-1.21.1-1.10.0-build.213.jar","E:\stoneblock4-zh_tw\resourcepacks\sb4-zh_tw\assets\oracle_index\lang\zh_tw.json"
"op","0","6","6","0","C:\Users\sad79\AppData\Roaming\PrismLauncher\instances\FTB StoneBlock 4\minecraft\mods\BrandonsCore-1.21.1-3.2.1.309.jar","E:\stoneblock4-zh_tw\resourcepacks\sb4-zh_tw\assets\op\lang\zh_tw.json"
"rsrequestify","0","6","6","0","C:\Users\sad79\AppData\Roaming\PrismLauncher\instances\FTB StoneBlock 4\minecraft\mods\rsrequestify-1.21.1-3.0.0.jar","E:\stoneblock4-zh_tw\resourcepacks\sb4-zh_tw\assets\rsrequestify\lang\zh_tw.json"
"justdirethings","467","472","5","98.9","C:\Users\sad79\AppData\Roaming\PrismLauncher\instances\FTB StoneBlock 4\minecraft\mods\justdirethings-1.5.5.jar","E:\stoneblock4-zh_tw\resourcepacks\sb4-zh_tw\assets\justdirethings\lang\zh_tw.json"
"sound","4","9","5","44.4","C:\Users\sad79\AppData\Roaming\PrismLauncher\instances\FTB StoneBlock 4\minecraft\mods\Clavis-NEOFORGE-0.2.10+1.21.1.jar","E:\stoneblock4-zh_tw\resourcepacks\sb4-zh_tw\assets\sound\lang\zh_tw.json"
"tooltipoverhaul","4","9","5","44.4","C:\Users\sad79\AppData\Roaming\PrismLauncher\instances\FTB StoneBlock 4\minecraft\mods\tooltipoverhaul-neoforge-1.21.1-1.4.0.jar","E:\stoneblock4-zh_tw\resourcepacks\sb4-zh_tw\assets\tooltipoverhaul\lang\zh_tw.json"
"bonus_parameter","0","5","5","0","C:\Users\sad79\AppData\Roaming\PrismLauncher\instances\FTB StoneBlock 4\minecraft\mods\irons_jewelry-1.21.1-1.6.0.jar","E:\stoneblock4-zh_tw\resourcepacks\sb4-zh_tw\assets\bonus_parameter\lang\zh_tw.json"
"fluid_tank","0","5","5","0","C:\Users\sad79\AppData\Roaming\PrismLauncher\instances\FTB StoneBlock 4\minecraft\mods\polylib-2100.1.0-build.183-neoforge.jar","E:\stoneblock4-zh_tw\resourcepacks\sb4-zh_tw\assets\fluid_tank\lang\zh_tw.json"
"machine","0","5","5","0","C:\Users\sad79\AppData\Roaming\PrismLauncher\instances\FTB StoneBlock 4\minecraft\mods\compactmachines-neoforge-7.0.78.jar","E:\stoneblock4-zh_tw\resourcepacks\sb4-zh_tw\assets\machine\lang\zh_tw.json"
"modernworldcreation","0","5","5","0","C:\Users\sad79\AppData\Roaming\PrismLauncher\instances\FTB StoneBlock 4\minecraft\mods\modernworldcreation_neoforge_2.0.1_MC_1.21.1.jar","E:\stoneblock4-zh_tw\resourcepacks\sb4-zh_tw\assets\modernworldcreation\lang\zh_tw.json"
"reliquified_lenders_cataclysm","0","5","5","0","C:\Users\sad79\AppData\Roaming\PrismLauncher\instances\FTB StoneBlock 4\minecraft\mods\reliquified_lenders_cataclysm-1.21.1-0.1.1.jar","E:\stoneblock4-zh_tw\resourcepacks\sb4-zh_tw\assets\reliquified_lenders_cataclysm\lang\zh_tw.json"
"synesthesia","0","5","5","0","C:\Users\sad79\AppData\Roaming\PrismLauncher\instances\FTB StoneBlock 4\minecraft\mods\synesthesia-1.21.1-NeoForge-1.0.0.jar","E:\stoneblock4-zh_tw\resourcepacks\sb4-zh_tw\assets\synesthesia\lang\zh_tw.json"
"configuration","1573","1577","4","99.7","C:\Users\sad79\AppData\Roaming\PrismLauncher\instances\FTB StoneBlock 4\minecraft\mods\CTM-1.21-1.2.1+3.jar","E:\stoneblock4-zh_tw\resourcepacks\sb4-zh_tw\assets\configuration\lang\zh_tw.json"
"ae2","671","675","4","99.4","C:\Users\sad79\AppData\Roaming\PrismLauncher\instances\FTB StoneBlock 4\minecraft\mods\AdvancedAE-1.6.9-1.21.1.jar","E:\stoneblock4-zh_tw\resourcepacks\sb4-zh_tw\assets\ae2\lang\zh_tw.json"
"custommachinery","533","537","4","99.3","C:\Users\sad79\AppData\Roaming\PrismLauncher\instances\FTB StoneBlock 4\minecraft\mods\CustomMachinery-neoforge-1.21.1-0.10.54.jar","E:\stoneblock4-zh_tw\resourcepacks\sb4-zh_tw\assets\custommachinery\lang\zh_tw.json"
"info","441","445","4","99.1","C:\Users\sad79\AppData\Roaming\PrismLauncher\instances\FTB StoneBlock 4\minecraft\mods\actuallyadditions-1.3.24+mc1.21.1.jar","E:\stoneblock4-zh_tw\resourcepacks\sb4-zh_tw\assets\info\lang\zh_tw.json"
"spell","217","221","4","98.2","C:\Users\sad79\AppData\Roaming\PrismLauncher\instances\FTB StoneBlock 4\minecraft\mods\gaze-1.1.7.1.jar","E:\stoneblock4-zh_tw\resourcepacks\sb4-zh_tw\assets\spell\lang\zh_tw.json"
"cookingforblockheads","175","179","4","97.8","C:\Users\sad79\AppData\Roaming\PrismLauncher\instances\FTB StoneBlock 4\minecraft\mods\cookingforblockheads-neoforge-1.21.1-21.1.17.jar","E:\stoneblock4-zh_tw\resourcepacks\sb4-zh_tw\assets\cookingforblockheads\lang\zh_tw.json"
"patchouli","77","81","4","95.1","C:\Users\sad79\AppData\Roaming\PrismLauncher\instances\FTB StoneBlock 4\minecraft\mods\Patchouli-1.21.1-92-NEOFORGE.jar","E:\stoneblock4-zh_tw\resourcepacks\sb4-zh_tw\assets\patchouli\lang\zh_tw.json"
"contextual","39","43","4","90.7","C:\Users\sad79\AppData\Roaming\PrismLauncher\instances\FTB StoneBlock 4\minecraft\mods\Lychee-1.21.1-NeoForge-6.4.2.jar","E:\stoneblock4-zh_tw\resourcepacks\sb4-zh_tw\assets\contextual\lang\zh_tw.json"
"iris","26","30","4","86.7","C:\Users\sad79\AppData\Roaming\PrismLauncher\instances\FTB StoneBlock 4\minecraft\mods\iris-neoforge-1.8.12+mc1.21.1.jar","E:\stoneblock4-zh_tw\resourcepacks\sb4-zh_tw\assets\iris\lang\zh_tw.json"
"name","24","28","4","85.7","C:\Users\sad79\AppData\Roaming\PrismLauncher\instances\FTB StoneBlock 4\minecraft\mods\Apotheosis-1.21.1-8.4.1.jar","E:\stoneblock4-zh_tw\resourcepacks\sb4-zh_tw\assets\name\lang\zh_tw.json"
"chancecubes","17","21","4","81","C:\Users\sad79\AppData\Roaming\PrismLauncher\instances\FTB StoneBlock 4\minecraft\mods\ChanceCubes-1.21.1-5.0.2.517.jar","E:\stoneblock4-zh_tw\resourcepacks\sb4-zh_tw\assets\chancecubes\lang\zh_tw.json"
"modmenu","3","7","4","42.9","C:\Users\sad79\AppData\Roaming\PrismLauncher\instances\FTB StoneBlock 4\minecraft\mods\Jade-1.21.1-NeoForge-15.10.3.jar","E:\stoneblock4-zh_tw\resourcepacks\sb4-zh_tw\assets\modmenu\lang\zh_tw.json"
"messages","1","5","4","20","C:\Users\sad79\AppData\Roaming\PrismLauncher\instances\FTB StoneBlock 4\minecraft\mods\compactmachines-neoforge-7.0.78.jar","E:\stoneblock4-zh_tw\resourcepacks\sb4-zh_tw\assets\messages\lang\zh_tw.json"
"brandonscore","0","4","4","0","C:\Users\sad79\AppData\Roaming\PrismLauncher\instances\FTB StoneBlock 4\minecraft\mods\BrandonsCore-1.21.1-3.2.1.309.jar","E:\stoneblock4-zh_tw\resourcepacks\sb4-zh_tw\assets\brandonscore\lang\zh_tw.json"
"crashutils","0","4","4","0","C:\Users\sad79\AppData\Roaming\PrismLauncher\instances\FTB StoneBlock 4\minecraft\mods\crashutilities-9.0.4.jar","E:\stoneblock4-zh_tw\resourcepacks\sb4-zh_tw\assets\crashutils\lang\zh_tw.json"
"energy_bar","0","4","4","0","C:\Users\sad79\AppData\Roaming\PrismLauncher\instances\FTB StoneBlock 4\minecraft\mods\polylib-2100.1.0-build.183-neoforge.jar","E:\stoneblock4-zh_tw\resourcepacks\sb4-zh_tw\assets\energy_bar\lang\zh_tw.json"
"industrialforegoingsouls","0","4","4","0","C:\Users\sad79\AppData\Roaming\PrismLauncher\instances\FTB StoneBlock 4\minecraft\mods\industrial-foregoing-souls-1.21.1-1.10.5.jar","E:\stoneblock4-zh_tw\resourcepacks\sb4-zh_tw\assets\industrialforegoingsouls\lang\zh_tw.json"
"kubejstweaks","0","4","4","0","C:\Users\sad79\AppData\Roaming\PrismLauncher\instances\FTB StoneBlock 4\minecraft\mods\kubejstweaks-1.0.5.jar","E:\stoneblock4-zh_tw\resourcepacks\sb4-zh_tw\assets\kubejstweaks\lang\zh_tw.json"
"lionfishapi","0","4","4","0","C:\Users\sad79\AppData\Roaming\PrismLauncher\instances\FTB StoneBlock 4\minecraft\mods\lionfishapi-2.6.jar","E:\stoneblock4-zh_tw\resourcepacks\sb4-zh_tw\assets\lionfishapi\lang\zh_tw.json"
"replication_rs2_bridge","0","4","4","0","C:\Users\sad79\AppData\Roaming\PrismLauncher\instances\FTB StoneBlock 4\minecraft\mods\replication_rs2_bridge-1.21.1-NeoForge-1.2.2.jar","E:\stoneblock4-zh_tw\resourcepacks\sb4-zh_tw\assets\replication_rs2_bridge\lang\zh_tw.json"
"rooms","0","4","4","0","C:\Users\sad79\AppData\Roaming\PrismLauncher\instances\FTB StoneBlock 4\minecraft\mods\compactmachines-neoforge-7.0.78.jar","E:\stoneblock4-zh_tw\resourcepacks\sb4-zh_tw\assets\rooms\lang\zh_tw.json"
"rs_mode","0","4","4","0","C:\Users\sad79\AppData\Roaming\PrismLauncher\instances\FTB StoneBlock 4\minecraft\mods\polylib-2100.1.0-build.183-neoforge.jar","E:\stoneblock4-zh_tw\resourcepacks\sb4-zh_tw\assets\rs_mode\lang\zh_tw.json"
"slider","0","4","4","0","C:\Users\sad79\AppData\Roaming\PrismLauncher\instances\FTB StoneBlock 4\minecraft\mods\ExtremeSoundMuffler-3.52_NeoForge-1.21.jar","E:\stoneblock4-zh_tw\resourcepacks\sb4-zh_tw\assets\slider\lang\zh_tw.json"
"chicken_roost","478","481","3","99.4","C:\Users\sad79\AppData\Roaming\PrismLauncher\instances\FTB StoneBlock 4\minecraft\mods\roostultimate_1.21.1-curse-4.1.0.jar","E:\stoneblock4-zh_tw\resourcepacks\sb4-zh_tw\assets\chicken_roost\lang\zh_tw.json"
"sfm","168","171","3","98.2","C:\Users\sad79\AppData\Roaming\PrismLauncher\instances\FTB StoneBlock 4\minecraft\mods\Super Factory Manager (SFM)-MC1.21.1-4.28.0.jar","E:\stoneblock4-zh_tw\resourcepacks\sb4-zh_tw\assets\sfm\lang\zh_tw.json"
"apothic_enchanting","114","117","3","97.4","C:\Users\sad79\AppData\Roaming\PrismLauncher\instances\FTB StoneBlock 4\minecraft\mods\ApothicEnchanting-1.21.1-1.5.0.jar","E:\stoneblock4-zh_tw\resourcepacks\sb4-zh_tw\assets\apothic_enchanting\lang\zh_tw.json"
"ftbteambases","37","40","3","92.5","C:\Users\sad79\AppData\Roaming\PrismLauncher\instances\FTB StoneBlock 4\minecraft\mods\ftb-team-bases-21.1.10.jar","E:\stoneblock4-zh_tw\resourcepacks\sb4-zh_tw\assets\ftbteambases\lang\zh_tw.json"
"action","28","31","3","90.3","C:\Users\sad79\AppData\Roaming\PrismLauncher\instances\FTB StoneBlock 4\minecraft\mods\irons_jewelry-1.21.1-1.6.0.jar","E:\stoneblock4-zh_tw\resourcepacks\sb4-zh_tw\assets\action\lang\zh_tw.json"
"jukebox_song","21","24","3","87.5","C:\Users\sad79\AppData\Roaming\PrismLauncher\instances\FTB StoneBlock 4\minecraft\mods\Apotheosis-1.21.1-8.4.1.jar","E:\stoneblock4-zh_tw\resourcepacks\sb4-zh_tw\assets\jukebox_song\lang\zh_tw.json"
"omnitools","6","9","3","66.7","C:\Users\sad79\AppData\Roaming\PrismLauncher\instances\FTB StoneBlock 4\minecraft\mods\omnitools-1.21.1-1.2.0.jar","E:\stoneblock4-zh_tw\resourcepacks\sb4-zh_tw\assets\omnitools\lang\zh_tw.json"
"magic_coins","4","7","3","57.1","C:\Users\sad79\AppData\Roaming\PrismLauncher\instances\FTB StoneBlock 4\minecraft\mods\magic_coins-1.0.9.jar","E:\stoneblock4-zh_tw\resourcepacks\sb4-zh_tw\assets\magic_coins\lang\zh_tw.json"
"disconnect","1","4","3","25","C:\Users\sad79\AppData\Roaming\PrismLauncher\instances\FTB StoneBlock 4\minecraft\mods\Apotheosis-1.21.1-8.4.1.jar","E:\stoneblock4-zh_tw\resourcepacks\sb4-zh_tw\assets\disconnect\lang\zh_tw.json"
"createenderstorage","0","3","3","0","C:\Users\sad79\AppData\Roaming\PrismLauncher\instances\FTB StoneBlock 4\minecraft\mods\createenderstorage-1.1.1.jar","E:\stoneblock4-zh_tw\resourcepacks\sb4-zh_tw\assets\createenderstorage\lang\zh_tw.json"
"ctm","0","3","3","0","C:\Users\sad79\AppData\Roaming\PrismLauncher\instances\FTB StoneBlock 4\minecraft\mods\CTM-1.21-1.2.1+3.jar","E:\stoneblock4-zh_tw\resourcepacks\sb4-zh_tw\assets\ctm\lang\zh_tw.json"
"ftbpmapi","0","3","3","0","C:\Users\sad79\AppData\Roaming\PrismLauncher\instances\FTB StoneBlock 4\minecraft\mods\ftb-pause-menu-api-21.1.3.jar","E:\stoneblock4-zh_tw\resourcepacks\sb4-zh_tw\assets\ftbpmapi\lang\zh_tw.json"
"mekanism_unleashed","0","3","3","0","C:\Users\sad79\AppData\Roaming\PrismLauncher\instances\FTB StoneBlock 4\minecraft\mods\mekanism_unleashed-0.3.2.jar","E:\stoneblock4-zh_tw\resourcepacks\sb4-zh_tw\assets\mekanism_unleashed\lang\zh_tw.json"
"mob_bottle","0","3","3","0","C:\Users\sad79\AppData\Roaming\PrismLauncher\instances\FTB StoneBlock 4\minecraft\mods\shrink-2.0.1.47-neoforge.jar","E:\stoneblock4-zh_tw\resourcepacks\sb4-zh_tw\assets\mob_bottle\lang\zh_tw.json"
"sdrp","0","3","3","0","C:\Users\sad79\AppData\Roaming\PrismLauncher\instances\FTB StoneBlock 4\minecraft\mods\SimpleDiscordRichPresence-neoforge-88.0.0-build.51+mc1.21.1.jar","E:\stoneblock4-zh_tw\resourcepacks\sb4-zh_tw\assets\sdrp\lang\zh_tw.json"
"simpleteleportersblock","0","3","3","0","C:\Users\sad79\AppData\Roaming\PrismLauncher\instances\FTB StoneBlock 4\minecraft\mods\SimpleTeleportersReforged-1.21.1-2.1.0.jar","E:\stoneblock4-zh_tw\resourcepacks\sb4-zh_tw\assets\simpleteleportersblock\lang\zh_tw.json"
"squatgrow","0","3","3","0","C:\Users\sad79\AppData\Roaming\PrismLauncher\instances\FTB StoneBlock 4\minecraft\mods\squatgrow-neoforge-21.1.2+mc1.21.1.jar","E:\stoneblock4-zh_tw\resourcepacks\sb4-zh_tw\assets\squatgrow\lang\zh_tw.json"
"top","0","3","3","0","C:\Users\sad79\AppData\Roaming\PrismLauncher\instances\FTB StoneBlock 4\minecraft\mods\ExtraStorage-1.21.1-5.0.8.jar","E:\stoneblock4-zh_tw\resourcepacks\sb4-zh_tw\assets\top\lang\zh_tw.json"
"desc","327","329","2","99.4","C:\Users\sad79\AppData\Roaming\PrismLauncher\instances\FTB StoneBlock 4\minecraft\mods\createaddition-1.5.9.jar","E:\stoneblock4-zh_tw\resourcepacks\sb4-zh_tw\assets\desc\lang\zh_tw.json"
"description","165","167","2","98.8","C:\Users\sad79\AppData\Roaming\PrismLauncher\instances\FTB StoneBlock 4\minecraft\mods\jei-1.21.1-neoforge-19.27.0.340.jar","E:\stoneblock4-zh_tw\resourcepacks\sb4-zh_tw\assets\description\lang\zh_tw.json"
"apotheosis","142","144","2","98.6","C:\Users\sad79\AppData\Roaming\PrismLauncher\instances\FTB StoneBlock 4\minecraft\mods\Apotheosis-1.21.1-8.4.1.jar","E:\stoneblock4-zh_tw\resourcepacks\sb4-zh_tw\assets\apotheosis\lang\zh_tw.json"
"command","133","135","2","98.5","C:\Users\sad79\AppData\Roaming\PrismLauncher\instances\FTB StoneBlock 4\minecraft\mods\AE2-Things-1.4.2-beta.jar","E:\stoneblock4-zh_tw\resourcepacks\sb4-zh_tw\assets\command\lang\zh_tw.json"
"avaritia","70","72","2","97.2","C:\Users\sad79\AppData\Roaming\PrismLauncher\instances\FTB StoneBlock 4\minecraft\mods\AvaritiaNeo-1.21-1.2.8.jar","E:\stoneblock4-zh_tw\resourcepacks\sb4-zh_tw\assets\avaritia\lang\zh_tw.json"
"options","53","55","2","96.4","C:\Users\sad79\AppData\Roaming\PrismLauncher\instances\FTB StoneBlock 4\minecraft\mods\Controlling-neoforge-1.21.1-19.0.5.jar","E:\stoneblock4-zh_tw\resourcepacks\sb4-zh_tw\assets\options\lang\zh_tw.json"
"psimisc","52","54","2","96.3","C:\Users\sad79\AppData\Roaming\PrismLauncher\instances\FTB StoneBlock 4\minecraft\mods\Psi-1.21.1-107.jar","E:\stoneblock4-zh_tw\resourcepacks\sb4-zh_tw\assets\psimisc\lang\zh_tw.json"
"recipe","44","46","2","95.7","C:\Users\sad79\AppData\Roaming\PrismLauncher\instances\FTB StoneBlock 4\minecraft\mods\create-dragons-plus-1.8.5.jar","E:\stoneblock4-zh_tw\resourcepacks\sb4-zh_tw\assets\recipe\lang\zh_tw.json"
"replication","37","39","2","94.9","C:\Users\sad79\AppData\Roaming\PrismLauncher\instances\FTB StoneBlock 4\minecraft\mods\Replication-1.21.1-1.2.6.jar","E:\stoneblock4-zh_tw\resourcepacks\sb4-zh_tw\assets\replication\lang\zh_tw.json"
"elevatorid","17","19","2","89.5","C:\Users\sad79\AppData\Roaming\PrismLauncher\instances\FTB StoneBlock 4\minecraft\mods\elevatorid-neoforge-1.21.1-1.11.4.jar","E:\stoneblock4-zh_tw\resourcepacks\sb4-zh_tw\assets\elevatorid\lang\zh_tw.json"
"irons_jewelry","12","14","2","85.7","C:\Users\sad79\AppData\Roaming\PrismLauncher\instances\FTB StoneBlock 4\minecraft\mods\irons_jewelry-1.21.1-1.6.0.jar","E:\stoneblock4-zh_tw\resourcepacks\sb4-zh_tw\assets\irons_jewelry\lang\zh_tw.json"
"error","8","10","2","80","C:\Users\sad79\AppData\Roaming\PrismLauncher\instances\FTB StoneBlock 4\minecraft\mods\Apotheosis-1.21.1-8.4.1.jar","E:\stoneblock4-zh_tw\resourcepacks\sb4-zh_tw\assets\error\lang\zh_tw.json"
"dimension","4","6","2","66.7","C:\Users\sad79\AppData\Roaming\PrismLauncher\instances\FTB StoneBlock 4\minecraft\mods\appliedenergistics2-19.2.17.jar","E:\stoneblock4-zh_tw\resourcepacks\sb4-zh_tw\assets\dimension\lang\zh_tw.json"
"cosmetic","3","5","2","60","C:\Users\sad79\AppData\Roaming\PrismLauncher\instances\FTB StoneBlock 4\minecraft\mods\Kiwi-1.21.1-NeoForge-15.8.2.jar","E:\stoneblock4-zh_tw\resourcepacks\sb4-zh_tw\assets\cosmetic\lang\zh_tw.json"
"mapping","3","5","2","60","C:\Users\sad79\AppData\Roaming\PrismLauncher\instances\FTB StoneBlock 4\minecraft\mods\AvaritiaNeo-1.21-1.2.8.jar","E:\stoneblock4-zh_tw\resourcepacks\sb4-zh_tw\assets\mapping\lang\zh_tw.json"
"findme","2","4","2","50","C:\Users\sad79\AppData\Roaming\PrismLauncher\instances\FTB StoneBlock 4\minecraft\mods\findme-3.3.3-neoforge.jar","E:\stoneblock4-zh_tw\resourcepacks\sb4-zh_tw\assets\findme\lang\zh_tw.json"
"a","0","2","2","0","C:\Users\sad79\AppData\Roaming\PrismLauncher\instances\FTB StoneBlock 4\minecraft\mods\antiblocksrechiseled-neo-0.10.8.jar","E:\stoneblock4-zh_tw\resourcepacks\sb4-zh_tw\assets\a\lang\zh_tw.json"
"baguettelib","0","2","2","0","C:\Users\sad79\AppData\Roaming\PrismLauncher\instances\FTB StoneBlock 4\minecraft\mods\baguettelib-1.21.1-NeoForge-1.1.5.jar","E:\stoneblock4-zh_tw\resourcepacks\sb4-zh_tw\assets\baguettelib\lang\zh_tw.json"
"busy_villagers","0","2","2","0","C:\Users\sad79\AppData\Roaming\PrismLauncher\instances\FTB StoneBlock 4\minecraft\mods\busy_villagers-neoforge-2101.1.1.jar","E:\stoneblock4-zh_tw\resourcepacks\sb4-zh_tw\assets\busy_villagers\lang\zh_tw.json"
"caelus","0","2","2","0","C:\Users\sad79\AppData\Roaming\PrismLauncher\instances\FTB StoneBlock 4\minecraft\mods\caelus-neoforge-7.0.1+1.21.1.jar","E:\stoneblock4-zh_tw\resourcepacks\sb4-zh_tw\assets\caelus\lang\zh_tw.json"
"clavis","0","2","2","0","C:\Users\sad79\AppData\Roaming\PrismLauncher\instances\FTB StoneBlock 4\minecraft\mods\Clavis-NEOFORGE-0.2.10+1.21.1.jar","E:\stoneblock4-zh_tw\resourcepacks\sb4-zh_tw\assets\clavis\lang\zh_tw.json"
"configs","0","2","2","0","C:\Users\sad79\AppData\Roaming\PrismLauncher\instances\FTB StoneBlock 4\minecraft\mods\BHMenu-NeoForge-1.21-2.4.4.jar","E:\stoneblock4-zh_tw\resourcepacks\sb4-zh_tw\assets\configs\lang\zh_tw.json"
"craftingstation","0","2","2","0","C:\Users\sad79\AppData\Roaming\PrismLauncher\instances\FTB StoneBlock 4\minecraft\mods\craftingstation-jei-neoforge-1.21.1-1.6.5.jar","E:\stoneblock4-zh_tw\resourcepacks\sb4-zh_tw\assets\craftingstation\lang\zh_tw.json"
"fdlib","0","2","2","0","C:\Users\sad79\AppData\Roaming\PrismLauncher\instances\FTB StoneBlock 4\minecraft\mods\fdlib-1.0.6-1.21.1.jar","E:\stoneblock4-zh_tw\resourcepacks\sb4-zh_tw\assets\fdlib\lang\zh_tw.json"
"ftbpc","0","2","2","0","C:\Users\sad79\AppData\Roaming\PrismLauncher\instances\FTB StoneBlock 4\minecraft\mods\ftb-pack-companion-21.1.15.jar","E:\stoneblock4-zh_tw\resourcepacks\sb4-zh_tw\assets\ftbpc\lang\zh_tw.json"
"input","0","2","2","0","C:\Users\sad79\AppData\Roaming\PrismLauncher\instances\FTB StoneBlock 4\minecraft\mods\crystalix-2.4.0.jar","E:\stoneblock4-zh_tw\resourcepacks\sb4-zh_tw\assets\input\lang\zh_tw.json"
"magiccoinstweak","0","2","2","0","C:\Users\sad79\AppData\Roaming\PrismLauncher\instances\FTB StoneBlock 4\minecraft\mods\magiccoinstweak-1.0-SNAPSHOT.jar","E:\stoneblock4-zh_tw\resourcepacks\sb4-zh_tw\assets\magiccoinstweak\lang\zh_tw.json"
"mouse","0","2","2","0","C:\Users\sad79\AppData\Roaming\PrismLauncher\instances\FTB StoneBlock 4\minecraft\mods\inventorysorter-1.21.1-24.0.24.jar","E:\stoneblock4-zh_tw\resourcepacks\sb4-zh_tw\assets\mouse\lang\zh_tw.json"
"soulkey","0","2","2","0","C:\Users\sad79\AppData\Roaming\PrismLauncher\instances\FTB StoneBlock 4\minecraft\mods\soulplied_energistics-1.0.2.jar","E:\stoneblock4-zh_tw\resourcepacks\sb4-zh_tw\assets\soulkey\lang\zh_tw.json"
"soulpliedenergistics","0","2","2","0","C:\Users\sad79\AppData\Roaming\PrismLauncher\instances\FTB StoneBlock 4\minecraft\mods\soulplied_energistics-1.0.2.jar","E:\stoneblock4-zh_tw\resourcepacks\sb4-zh_tw\assets\soulpliedenergistics\lang\zh_tw.json"
"struct_build","0","2","2","0","C:\Users\sad79\AppData\Roaming\PrismLauncher\instances\FTB StoneBlock 4\minecraft\mods\BrandonsCore-1.21.1-3.2.1.309.jar","E:\stoneblock4-zh_tw\resourcepacks\sb4-zh_tw\assets\struct_build\lang\zh_tw.json"
"trophymanager","0","2","2","0","C:\Users\sad79\AppData\Roaming\PrismLauncher\instances\FTB StoneBlock 4\minecraft\mods\trophymanager-1.21.1-2.3.0.jar","E:\stoneblock4-zh_tw\resourcepacks\sb4-zh_tw\assets\trophymanager\lang\zh_tw.json"
"xycraft_core","0","2","2","0","C:\Users\sad79\AppData\Roaming\PrismLauncher\instances\FTB StoneBlock 4\minecraft\mods\xycraft_core-0.7.53-all.jar","E:\stoneblock4-zh_tw\resourcepacks\sb4-zh_tw\assets\xycraft_core\lang\zh_tw.json"
"fancymenu","2137","2138","1","100","C:\Users\sad79\AppData\Roaming\PrismLauncher\instances\FTB StoneBlock 4\minecraft\mods\fancymenu_neoforge_3.8.1_MC_1.21.1.jar","E:\stoneblock4-zh_tw\resourcepacks\sb4-zh_tw\assets\fancymenu\lang\zh_tw.json"
"mekanism","494","495","1","99.8","C:\Users\sad79\AppData\Roaming\PrismLauncher\instances\FTB StoneBlock 4\minecraft\mods\Mekanism-1.21.1-10.7.17.83.jar","E:\stoneblock4-zh_tw\resourcepacks\sb4-zh_tw\assets\mekanism\lang\zh_tw.json"
"refinedstorage","418","419","1","99.8","C:\Users\sad79\AppData\Roaming\PrismLauncher\instances\FTB StoneBlock 4\minecraft\mods\refinedstorage-neoforge-2.0.0.jar","E:\stoneblock4-zh_tw\resourcepacks\sb4-zh_tw\assets\refinedstorage\lang\zh_tw.json"
"constructionstick","139","140","1","99.3","C:\Users\sad79\AppData\Roaming\PrismLauncher\instances\FTB StoneBlock 4\minecraft\mods\ConstructionSticks-1.21.1-1.2.3.jar","E:\stoneblock4-zh_tw\resourcepacks\sb4-zh_tw\assets\constructionstick\lang\zh_tw.json"
"refinedtypes","139","140","1","99.3","C:\Users\sad79\AppData\Roaming\PrismLauncher\instances\FTB StoneBlock 4\minecraft\mods\refined-types-1.21.1-0.2.9.jar","E:\stoneblock4-zh_tw\resourcepacks\sb4-zh_tw\assets\refinedtypes\lang\zh_tw.json"
"title","77","78","1","98.7","C:\Users\sad79\AppData\Roaming\PrismLauncher\instances\FTB StoneBlock 4\minecraft\mods\Apotheosis-1.21.1-8.4.1.jar","E:\stoneblock4-zh_tw\resourcepacks\sb4-zh_tw\assets\title\lang\zh_tw.json"
"chemical","76","77","1","98.7","C:\Users\sad79\AppData\Roaming\PrismLauncher\instances\FTB StoneBlock 4\minecraft\mods\Mekanism-1.21.1-10.7.17.83.jar","E:\stoneblock4-zh_tw\resourcepacks\sb4-zh_tw\assets\chemical\lang\zh_tw.json"
"button","68","69","1","98.6","C:\Users\sad79\AppData\Roaming\PrismLauncher\instances\FTB StoneBlock 4\minecraft\mods\Apotheosis-1.21.1-8.4.1.jar","E:\stoneblock4-zh_tw\resourcepacks\sb4-zh_tw\assets\button\lang\zh_tw.json"
"ae2wtlib","37","38","1","97.4","C:\Users\sad79\AppData\Roaming\PrismLauncher\instances\FTB StoneBlock 4\minecraft\mods\ae2wtlib-19.3.0.jar","E:\stoneblock4-zh_tw\resourcepacks\sb4-zh_tw\assets\ae2wtlib\lang\zh_tw.json"
"create_shimmer","35","36","1","97.2","C:\Users\sad79\AppData\Roaming\PrismLauncher\instances\FTB StoneBlock 4\minecraft\mods\create-shimmer-1.2.7.jar","E:\stoneblock4-zh_tw\resourcepacks\sb4-zh_tw\assets\create_shimmer\lang\zh_tw.json"
"appex","19","20","1","95","C:\Users\sad79\AppData\Roaming\PrismLauncher\instances\FTB StoneBlock 4\minecraft\mods\applied-experienced-1.21.1-1.3.1.jar","E:\stoneblock4-zh_tw\resourcepacks\sb4-zh_tw\assets\appex\lang\zh_tw.json"
"mekanism_lasers","18","19","1","94.7","C:\Users\sad79\AppData\Roaming\PrismLauncher\instances\FTB StoneBlock 4\minecraft\mods\MekanismLasers-1.12.1-1.1.10.2.jar","E:\stoneblock4-zh_tw\resourcepacks\sb4-zh_tw\assets\mekanism_lasers\lang\zh_tw.json"
"enderdrives","14","15","1","93.3","C:\Users\sad79\AppData\Roaming\PrismLauncher\instances\FTB StoneBlock 4\minecraft\mods\enderdrives-neoforge-1.21.1-1.4.4.jar","E:\stoneblock4-zh_tw\resourcepacks\sb4-zh_tw\assets\enderdrives\lang\zh_tw.json"
"network","14","15","1","93.3","C:\Users\sad79\AppData\Roaming\PrismLauncher\instances\FTB StoneBlock 4\minecraft\mods\crystalix-2.4.0.jar","E:\stoneblock4-zh_tw\resourcepacks\sb4-zh_tw\assets\network\lang\zh_tw.json"
"reward","13","14","1","92.9","C:\Users\sad79\AppData\Roaming\PrismLauncher\instances\FTB StoneBlock 4\minecraft\mods\Apotheosis-1.21.1-8.4.1.jar","E:\stoneblock4-zh_tw\resourcepacks\sb4-zh_tw\assets\reward\lang\zh_tw.json"
"wireless_connect","13","14","1","92.9","C:\Users\sad79\AppData\Roaming\PrismLauncher\instances\FTB StoneBlock 4\minecraft\mods\ExtendedAE-1.21-2.2.27-neoforge.jar","E:\stoneblock4-zh_tw\resourcepacks\sb4-zh_tw\assets\wireless_connect\lang\zh_tw.json"
"narration","10","11","1","90.9","C:\Users\sad79\AppData\Roaming\PrismLauncher\instances\FTB StoneBlock 4\minecraft\mods\Jade-1.21.1-NeoForge-15.10.3.jar","E:\stoneblock4-zh_tw\resourcepacks\sb4-zh_tw\assets\narration\lang\zh_tw.json"
"recipetype","10","11","1","90.9","C:\Users\sad79\AppData\Roaming\PrismLauncher\instances\FTB StoneBlock 4\minecraft\mods\Lychee-1.21.1-NeoForge-6.4.2.jar","E:\stoneblock4-zh_tw\resourcepacks\sb4-zh_tw\assets\recipetype\lang\zh_tw.json"
"postaction","9","10","1","90","C:\Users\sad79\AppData\Roaming\PrismLauncher\instances\FTB StoneBlock 4\minecraft\mods\Lychee-1.21.1-NeoForge-6.4.2.jar","E:\stoneblock4-zh_tw\resourcepacks\sb4-zh_tw\assets\postaction\lang\zh_tw.json"
"bookshelf","7","8","1","87.5","C:\Users\sad79\AppData\Roaming\PrismLauncher\instances\FTB StoneBlock 4\minecraft\mods\bookshelf-neoforge-1.21.1-21.1.80.jar","E:\stoneblock4-zh_tw\resourcepacks\sb4-zh_tw\assets\bookshelf\lang\zh_tw.json"
"flamethrower","4","5","1","80","C:\Users\sad79\AppData\Roaming\PrismLauncher\instances\FTB StoneBlock 4\minecraft\mods\L_Ender's Cataclysm 1.21.1-3.16.jar","E:\stoneblock4-zh_tw\resourcepacks\sb4-zh_tw\assets\flamethrower\lang\zh_tw.json"
"group","4","5","1","80","C:\Users\sad79\AppData\Roaming\PrismLauncher\instances\FTB StoneBlock 4\minecraft\mods\AppliedFlux-1.21-2.1.3-neoforge.jar","E:\stoneblock4-zh_tw\resourcepacks\sb4-zh_tw\assets\group\lang\zh_tw.json"
"merequester","4","5","1","80","C:\Users\sad79\AppData\Roaming\PrismLauncher\instances\FTB StoneBlock 4\minecraft\mods\merequester-neoforge-1.21.1-1.4.1.jar","E:\stoneblock4-zh_tw\resourcepacks\sb4-zh_tw\assets\merequester\lang\zh_tw.json"
"toolmode","3","4","1","75","C:\Users\sad79\AppData\Roaming\PrismLauncher\instances\FTB StoneBlock 4\minecraft\mods\omnitools-1.21.1-1.2.0.jar","E:\stoneblock4-zh_tw\resourcepacks\sb4-zh_tw\assets\toolmode\lang\zh_tw.json"
"unit","2","3","1","66.7","C:\Users\sad79\AppData\Roaming\PrismLauncher\instances\FTB StoneBlock 4\minecraft\mods\CustomMachinery-neoforge-1.21.1-0.10.54.jar","E:\stoneblock4-zh_tw\resourcepacks\sb4-zh_tw\assets\unit\lang\zh_tw.json"
"creativetab","1","2","1","50","C:\Users\sad79\AppData\Roaming\PrismLauncher\instances\FTB StoneBlock 4\minecraft\mods\betterblockz-0.2.5-1.21.1-neoforge.jar","E:\stoneblock4-zh_tw\resourcepacks\sb4-zh_tw\assets\creativetab\lang\zh_tw.json"
"height_shape","1","2","1","50","C:\Users\sad79\AppData\Roaming\PrismLauncher\instances\FTB StoneBlock 4\minecraft\mods\Mekanism-1.21.1-10.7.17.83.jar","E:\stoneblock4-zh_tw\resourcepacks\sb4-zh_tw\assets\height_shape\lang\zh_tw.json"
"moonlight","1","2","1","50","C:\Users\sad79\AppData\Roaming\PrismLauncher\instances\FTB StoneBlock 4\minecraft\mods\moonlight-1.21-2.29.4-neoforge.jar","E:\stoneblock4-zh_tw\resourcepacks\sb4-zh_tw\assets\moonlight\lang\zh_tw.json"
"abyss_blast_only_charge","0","1","1","0","C:\Users\sad79\AppData\Roaming\PrismLauncher\instances\FTB StoneBlock 4\minecraft\mods\L_Ender's Cataclysm 1.21.1-3.16.jar","E:\stoneblock4-zh_tw\resourcepacks\sb4-zh_tw\assets\abyss_blast_only_charge\lang\zh_tw.json"
"abyss_blast_only_shoot","0","1","1","0","C:\Users\sad79\AppData\Roaming\PrismLauncher\instances\FTB StoneBlock 4\minecraft\mods\L_Ender's Cataclysm 1.21.1-3.16.jar","E:\stoneblock4-zh_tw\resourcepacks\sb4-zh_tw\assets\abyss_blast_only_shoot\lang\zh_tw.json"
"ae2addonlib","0","1","1","0","C:\Users\sad79\AppData\Roaming\PrismLauncher\instances\FTB StoneBlock 4\minecraft\mods\AE2AddonLib-1.0.3-1.21.1.jar","E:\stoneblock4-zh_tw\resourcepacks\sb4-zh_tw\assets\ae2addonlib\lang\zh_tw.json"
"anchors","0","1","1","0","C:\Users\sad79\AppData\Roaming\PrismLauncher\instances\FTB StoneBlock 4\minecraft\mods\ExtremeSoundMuffler-3.52_NeoForge-1.21.jar","E:\stoneblock4-zh_tw\resourcepacks\sb4-zh_tw\assets\anchors\lang\zh_tw.json"
"ars_ocultas","0","1","1","0","C:\Users\sad79\AppData\Roaming\PrismLauncher\instances\FTB StoneBlock 4\minecraft\mods\ars_ocultas-1.21.1-2.2.0.jar","E:\stoneblock4-zh_tw\resourcepacks\sb4-zh_tw\assets\ars_ocultas\lang\zh_tw.json"
"betteradvancements","0","1","1","0","C:\Users\sad79\AppData\Roaming\PrismLauncher\instances\FTB StoneBlock 4\minecraft\mods\BetterAdvancements-NeoForge-1.21.1-0.4.3.21.jar","E:\stoneblock4-zh_tw\resourcepacks\sb4-zh_tw\assets\betteradvancements\lang\zh_tw.json"
"carbon_config","0","1","1","0","C:\Users\sad79\AppData\Roaming\PrismLauncher\instances\FTB StoneBlock 4\minecraft\mods\CarbonConfig-Neoforge-1.21-1.2.9.6.1.jar","E:\stoneblock4-zh_tw\resourcepacks\sb4-zh_tw\assets\carbon_config\lang\zh_tw.json"
"cindaria_death","0","1","1","0","C:\Users\sad79\AppData\Roaming\PrismLauncher\instances\FTB StoneBlock 4\minecraft\mods\L_Ender's Cataclysm 1.21.1-3.16.jar","E:\stoneblock4-zh_tw\resourcepacks\sb4-zh_tw\assets\cindaria_death\lang\zh_tw.json"
"cindaria_hurt","0","1","1","0","C:\Users\sad79\AppData\Roaming\PrismLauncher\instances\FTB StoneBlock 4\minecraft\mods\L_Ender's Cataclysm 1.21.1-3.16.jar","E:\stoneblock4-zh_tw\resourcepacks\sb4-zh_tw\assets\cindaria_hurt\lang\zh_tw.json"
"explosion","0","1","1","0","C:\Users\sad79\AppData\Roaming\PrismLauncher\instances\FTB StoneBlock 4\minecraft\mods\reliquified_lenders_cataclysm-1.21.1-0.1.1.jar","E:\stoneblock4-zh_tw\resourcepacks\sb4-zh_tw\assets\explosion\lang\zh_tw.json"
"fadingnightvision","0","1","1","0","C:\Users\sad79\AppData\Roaming\PrismLauncher\instances\FTB StoneBlock 4\minecraft\mods\fadingnightvision-1.3.0.jar","E:\stoneblock4-zh_tw\resourcepacks\sb4-zh_tw\assets\fadingnightvision\lang\zh_tw.json"
"features","0","1","1","0","C:\Users\sad79\AppData\Roaming\PrismLauncher\instances\FTB StoneBlock 4\minecraft\mods\gag-neoforge-1.21.1-5.2.0.jar","E:\stoneblock4-zh_tw\resourcepacks\sb4-zh_tw\assets\features\lang\zh_tw.json"
"forbiddensounds","0","1","1","0","C:\Users\sad79\AppData\Roaming\PrismLauncher\instances\FTB StoneBlock 4\minecraft\mods\ExtremeSoundMuffler-3.52_NeoForge-1.21.jar","E:\stoneblock4-zh_tw\resourcepacks\sb4-zh_tw\assets\forbiddensounds\lang\zh_tw.json"
"general","0","1","1","0","C:\Users\sad79\AppData\Roaming\PrismLauncher\instances\FTB StoneBlock 4\minecraft\mods\ExtremeSoundMuffler-3.52_NeoForge-1.21.jar","E:\stoneblock4-zh_tw\resourcepacks\sb4-zh_tw\assets\general\lang\zh_tw.json"
"heavy_smash","0","1","1","0","C:\Users\sad79\AppData\Roaming\PrismLauncher\instances\FTB StoneBlock 4\minecraft\mods\L_Ender's Cataclysm 1.21.1-3.16.jar","E:\stoneblock4-zh_tw\resourcepacks\sb4-zh_tw\assets\heavy_smash\lang\zh_tw.json"
"hippocamtus_death","0","1","1","0","C:\Users\sad79\AppData\Roaming\PrismLauncher\instances\FTB StoneBlock 4\minecraft\mods\L_Ender's Cataclysm 1.21.1-3.16.jar","E:\stoneblock4-zh_tw\resourcepacks\sb4-zh_tw\assets\hippocamtus_death\lang\zh_tw.json"
"hippocamtus_hurt","0","1","1","0","C:\Users\sad79\AppData\Roaming\PrismLauncher\instances\FTB StoneBlock 4\minecraft\mods\L_Ender's Cataclysm 1.21.1-3.16.jar","E:\stoneblock4-zh_tw\resourcepacks\sb4-zh_tw\assets\hippocamtus_hurt\lang\zh_tw.json"
"hippocamtus_idle","0","1","1","0","C:\Users\sad79\AppData\Roaming\PrismLauncher\instances\FTB StoneBlock 4\minecraft\mods\L_Ender's Cataclysm 1.21.1-3.16.jar","E:\stoneblock4-zh_tw\resourcepacks\sb4-zh_tw\assets\hippocamtus_idle\lang\zh_tw.json"
"industrialforegoing_artificial_dye","0","1","1","0","C:\Users\sad79\AppData\Roaming\PrismLauncher\instances\FTB StoneBlock 4\minecraft\mods\industrialforegoing-1.21-3.6.37.jar","E:\stoneblock4-zh_tw\resourcepacks\sb4-zh_tw\assets\industrialforegoing_artificial_dye\lang\zh_tw.json"
"industrialforegoing_book_manual","0","1","1","0","C:\Users\sad79\AppData\Roaming\PrismLauncher\instances\FTB StoneBlock 4\minecraft\mods\industrialforegoing-1.21-3.6.37.jar","E:\stoneblock4-zh_tw\resourcepacks\sb4-zh_tw\assets\industrialforegoing_book_manual\lang\zh_tw.json"
"industrialforegoing_dryrubber","0","1","1","0","C:\Users\sad79\AppData\Roaming\PrismLauncher\instances\FTB StoneBlock 4\minecraft\mods\industrialforegoing-1.21-3.6.37.jar","E:\stoneblock4-zh_tw\resourcepacks\sb4-zh_tw\assets\industrialforegoing_dryrubber\lang\zh_tw.json"
"industrialforegoing_fertilizer","0","1","1","0","C:\Users\sad79\AppData\Roaming\PrismLauncher\instances\FTB StoneBlock 4\minecraft\mods\industrialforegoing-1.21-3.6.37.jar","E:\stoneblock4-zh_tw\resourcepacks\sb4-zh_tw\assets\industrialforegoing_fertilizer\lang\zh_tw.json"
"industrialforegoing_infinity_drill","0","1","1","0","C:\Users\sad79\AppData\Roaming\PrismLauncher\instances\FTB StoneBlock 4\minecraft\mods\industrialforegoing-1.21-3.6.37.jar","E:\stoneblock4-zh_tw\resourcepacks\sb4-zh_tw\assets\industrialforegoing_infinity_drill\lang\zh_tw.json"
"industrialforegoing_laser_lens","0","1","1","0","C:\Users\sad79\AppData\Roaming\PrismLauncher\instances\FTB StoneBlock 4\minecraft\mods\industrialforegoing-1.21-3.6.37.jar","E:\stoneblock4-zh_tw\resourcepacks\sb4-zh_tw\assets\industrialforegoing_laser_lens\lang\zh_tw.json"
"industrialforegoing_laser_lens_inverted","0","1","1","0","C:\Users\sad79\AppData\Roaming\PrismLauncher\instances\FTB StoneBlock 4\minecraft\mods\industrialforegoing-1.21-3.6.37.jar","E:\stoneblock4-zh_tw\resourcepacks\sb4-zh_tw\assets\industrialforegoing_laser_lens_inverted\lang\zh_tw.json"
"industrialforegoing_machinehull","0","1","1","0","C:\Users\sad79\AppData\Roaming\PrismLauncher\instances\FTB StoneBlock 4\minecraft\mods\industrialforegoing-1.21-3.6.37.jar","E:\stoneblock4-zh_tw\resourcepacks\sb4-zh_tw\assets\industrialforegoing_machinehull\lang\zh_tw.json"
"industrialforegoing_meat_feeder","0","1","1","0","C:\Users\sad79\AppData\Roaming\PrismLauncher\instances\FTB StoneBlock 4\minecraft\mods\industrialforegoing-1.21-3.6.37.jar","E:\stoneblock4-zh_tw\resourcepacks\sb4-zh_tw\assets\industrialforegoing_meat_feeder\lang\zh_tw.json"
"industrialforegoing_mob_imprisonment_tool","0","1","1","0","C:\Users\sad79\AppData\Roaming\PrismLauncher\instances\FTB StoneBlock 4\minecraft\mods\industrialforegoing-1.21-3.6.37.jar","E:\stoneblock4-zh_tw\resourcepacks\sb4-zh_tw\assets\industrialforegoing_mob_imprisonment_tool\lang\zh_tw.json"
"industrialforegoing_pink_slime","0","1","1","0","C:\Users\sad79\AppData\Roaming\PrismLauncher\instances\FTB StoneBlock 4\minecraft\mods\industrialforegoing-1.21-3.6.37.jar","E:\stoneblock4-zh_tw\resourcepacks\sb4-zh_tw\assets\industrialforegoing_pink_slime\lang\zh_tw.json"
"industrialforegoing_pink_slime_ingot","0","1","1","0","C:\Users\sad79\AppData\Roaming\PrismLauncher\instances\FTB StoneBlock 4\minecraft\mods\industrialforegoing-1.21-3.6.37.jar","E:\stoneblock4-zh_tw\resourcepacks\sb4-zh_tw\assets\industrialforegoing_pink_slime_ingot\lang\zh_tw.json"
"industrialforegoing_plastic","0","1","1","0","C:\Users\sad79\AppData\Roaming\PrismLauncher\instances\FTB StoneBlock 4\minecraft\mods\industrialforegoing-1.21-3.6.37.jar","E:\stoneblock4-zh_tw\resourcepacks\sb4-zh_tw\assets\industrialforegoing_plastic\lang\zh_tw.json"
"industrialforegoing_redstone_inverted","0","1","1","0","C:\Users\sad79\AppData\Roaming\PrismLauncher\instances\FTB StoneBlock 4\minecraft\mods\industrialforegoing-1.21-3.6.37.jar","E:\stoneblock4-zh_tw\resourcepacks\sb4-zh_tw\assets\industrialforegoing_redstone_inverted\lang\zh_tw.json"
"industrialforegoing_straw","0","1","1","0","C:\Users\sad79\AppData\Roaming\PrismLauncher\instances\FTB StoneBlock 4\minecraft\mods\industrialforegoing-1.21-3.6.37.jar","E:\stoneblock4-zh_tw\resourcepacks\sb4-zh_tw\assets\industrialforegoing_straw\lang\zh_tw.json"
"industrialforegoing_tinydryrubber","0","1","1","0","C:\Users\sad79\AppData\Roaming\PrismLauncher\instances\FTB StoneBlock 4\minecraft\mods\industrialforegoing-1.21-3.6.37.jar","E:\stoneblock4-zh_tw\resourcepacks\sb4-zh_tw\assets\industrialforegoing_tinydryrubber\lang\zh_tw.json"
"inventory","0","1","1","0","C:\Users\sad79\AppData\Roaming\PrismLauncher\instances\FTB StoneBlock 4\minecraft\mods\ExtremeSoundMuffler-3.52_NeoForge-1.21.jar","E:\stoneblock4-zh_tw\resourcepacks\sb4-zh_tw\assets\inventory\lang\zh_tw.json"
"inventory_button","0","1","1","0","C:\Users\sad79\AppData\Roaming\PrismLauncher\instances\FTB StoneBlock 4\minecraft\mods\ExtremeSoundMuffler-3.52_NeoForge-1.21.jar","E:\stoneblock4-zh_tw\resourcepacks\sb4-zh_tw\assets\inventory_button\lang\zh_tw.json"
"item_info","0","1","1","0","C:\Users\sad79\AppData\Roaming\PrismLauncher\instances\FTB StoneBlock 4\minecraft\mods\BrandonsCore-1.21.1-3.2.1.309.jar","E:\stoneblock4-zh_tw\resourcepacks\sb4-zh_tw\assets\item_info\lang\zh_tw.json"
"keygroup","0","1","1","0","C:\Users\sad79\AppData\Roaming\PrismLauncher\instances\FTB StoneBlock 4\minecraft\mods\inventorysorter-1.21.1-24.0.24.jar","E:\stoneblock4-zh_tw\resourcepacks\sb4-zh_tw\assets\keygroup\lang\zh_tw.json"
"mcjtylib","0","1","1","0","C:\Users\sad79\AppData\Roaming\PrismLauncher\instances\FTB StoneBlock 4\minecraft\mods\mcjtylib-1.21-9.0.20.jar","E:\stoneblock4-zh_tw\resourcepacks\sb4-zh_tw\assets\mcjtylib\lang\zh_tw.json"
"mob_grinding_utiles","0","1","1","0","C:\Users\sad79\AppData\Roaming\PrismLauncher\instances\FTB StoneBlock 4\minecraft\mods\mob_grinding_utils-1.1.10+mc1.21.1.jar","E:\stoneblock4-zh_tw\resourcepacks\sb4-zh_tw\assets\mob_grinding_utiles\lang\zh_tw.json"
"parry","0","1","1","0","C:\Users\sad79\AppData\Roaming\PrismLauncher\instances\FTB StoneBlock 4\minecraft\mods\L_Ender's Cataclysm 1.21.1-3.16.jar","E:\stoneblock4-zh_tw\resourcepacks\sb4-zh_tw\assets\parry\lang\zh_tw.json"
"pink_slime","0","1","1","0","C:\Users\sad79\AppData\Roaming\PrismLauncher\instances\FTB StoneBlock 4\minecraft\mods\industrialforegoing-1.21-3.6.37.jar","E:\stoneblock4-zh_tw\resourcepacks\sb4-zh_tw\assets\pink_slime\lang\zh_tw.json"
"remnant_tail_slam_1","0","1","1","0","C:\Users\sad79\AppData\Roaming\PrismLauncher\instances\FTB StoneBlock 4\minecraft\mods\L_Ender's Cataclysm 1.21.1-3.16.jar","E:\stoneblock4-zh_tw\resourcepacks\sb4-zh_tw\assets\remnant_tail_slam_1\lang\zh_tw.json"
"remnant_tail_slam_2","0","1","1","0","C:\Users\sad79\AppData\Roaming\PrismLauncher\instances\FTB StoneBlock 4\minecraft\mods\L_Ender's Cataclysm 1.21.1-3.16.jar","E:\stoneblock4-zh_tw\resourcepacks\sb4-zh_tw\assets\remnant_tail_slam_2\lang\zh_tw.json"
"remnant_tail_slam_3","0","1","1","0","C:\Users\sad79\AppData\Roaming\PrismLauncher\instances\FTB StoneBlock 4\minecraft\mods\L_Ender's Cataclysm 1.21.1-3.16.jar","E:\stoneblock4-zh_tw\resourcepacks\sb4-zh_tw\assets\remnant_tail_slam_3\lang\zh_tw.json"
"replication_matter_overflow","0","1","1","0","C:\Users\sad79\AppData\Roaming\PrismLauncher\instances\FTB StoneBlock 4\minecraft\mods\replication_matter_overflow-1.21.1-NeoForge-1.2.1.jar","E:\stoneblock4-zh_tw\resourcepacks\sb4-zh_tw\assets\replication_matter_overflow\lang\zh_tw.json"
"scylla_death","0","1","1","0","C:\Users\sad79\AppData\Roaming\PrismLauncher\instances\FTB StoneBlock 4\minecraft\mods\L_Ender's Cataclysm 1.21.1-3.16.jar","E:\stoneblock4-zh_tw\resourcepacks\sb4-zh_tw\assets\scylla_death\lang\zh_tw.json"
"scylla_hurt","0","1","1","0","C:\Users\sad79\AppData\Roaming\PrismLauncher\instances\FTB StoneBlock 4\minecraft\mods\L_Ender's Cataclysm 1.21.1-3.16.jar","E:\stoneblock4-zh_tw\resourcepacks\sb4-zh_tw\assets\scylla_hurt\lang\zh_tw.json"
"scylla_music","0","1","1","0","C:\Users\sad79\AppData\Roaming\PrismLauncher\instances\FTB StoneBlock 4\minecraft\mods\L_Ender's Cataclysm 1.21.1-3.16.jar","E:\stoneblock4-zh_tw\resourcepacks\sb4-zh_tw\assets\scylla_music\lang\zh_tw.json"
"scylla_music_disc","0","1","1","0","C:\Users\sad79\AppData\Roaming\PrismLauncher\instances\FTB StoneBlock 4\minecraft\mods\L_Ender's Cataclysm 1.21.1-3.16.jar","E:\stoneblock4-zh_tw\resourcepacks\sb4-zh_tw\assets\scylla_music_disc\lang\zh_tw.json"
"scylla_roar","0","1","1","0","C:\Users\sad79\AppData\Roaming\PrismLauncher\instances\FTB StoneBlock 4\minecraft\mods\L_Ender's Cataclysm 1.21.1-3.16.jar","E:\stoneblock4-zh_tw\resourcepacks\sb4-zh_tw\assets\scylla_roar\lang\zh_tw.json"
"server","0","1","1","0","C:\Users\sad79\AppData\Roaming\PrismLauncher\instances\FTB StoneBlock 4\minecraft\mods\xycraft_core-0.7.53-all.jar","E:\stoneblock4-zh_tw\resourcepacks\sb4-zh_tw\assets\server\lang\zh_tw.json"
"simpleteleportersitem","0","1","1","0","C:\Users\sad79\AppData\Roaming\PrismLauncher\instances\FTB StoneBlock 4\minecraft\mods\SimpleTeleportersReforged-1.21.1-2.1.0.jar","E:\stoneblock4-zh_tw\resourcepacks\sb4-zh_tw\assets\simpleteleportersitem\lang\zh_tw.json"
"super_lightning_strike","0","1","1","0","C:\Users\sad79\AppData\Roaming\PrismLauncher\instances\FTB StoneBlock 4\minecraft\mods\L_Ender's Cataclysm 1.21.1-3.16.jar","E:\stoneblock4-zh_tw\resourcepacks\sb4-zh_tw\assets\super_lightning_strike\lang\zh_tw.json"
"the_cataclysmfarer","0","1","1","0","C:\Users\sad79\AppData\Roaming\PrismLauncher\instances\FTB StoneBlock 4\minecraft\mods\L_Ender's Cataclysm 1.21.1-3.16.jar","E:\stoneblock4-zh_tw\resourcepacks\sb4-zh_tw\assets\the_cataclysmfarer\lang\zh_tw.json"
"underlay","0","1","1","0","C:\Users\sad79\AppData\Roaming\PrismLauncher\instances\FTB StoneBlock 4\minecraft\mods\underlay-0.9.9-neoforge-mc1.21.jar","E:\stoneblock4-zh_tw\resourcepacks\sb4-zh_tw\assets\underlay\lang\zh_tw.json"
"chipped","6973","6973","0","100","C:\Users\sad79\AppData\Roaming\PrismLauncher\instances\FTB StoneBlock 4\minecraft\mods\chipped-neoforge-1.21.1-4.0.2.jar","E:\stoneblock4-zh_tw\resourcepacks\sb4-zh_tw\assets\chipped\lang\zh_tw.json"
"create","3375","3375","0","100","C:\Users\sad79\AppData\Roaming\PrismLauncher\instances\FTB StoneBlock 4\minecraft\mods\create-1.21.1-6.0.9.jar","E:\stoneblock4-zh_tw\resourcepacks\sb4-zh_tw\assets\create\lang\zh_tw.json"
"chisel","2549","2549","0","100","C:\Users\sad79\AppData\Roaming\PrismLauncher\instances\FTB StoneBlock 4\minecraft\mods\chisel-1.21.1-NeoForge-1.2.2.jar","E:\stoneblock4-zh_tw\resourcepacks\sb4-zh_tw\assets\chisel\lang\zh_tw.json"
"twilightforest","1573","1573","0","100","C:\Users\sad79\AppData\Roaming\PrismLauncher\instances\FTB StoneBlock 4\minecraft\mods\twilightforest-1.21.1-4.8.3287-universal.jar","E:\stoneblock4-zh_tw\resourcepacks\sb4-zh_tw\assets\twilightforest\lang\zh_tw.json"
"betterblockz","1367","1367","0","100","C:\Users\sad79\AppData\Roaming\PrismLauncher\instances\FTB StoneBlock 4\minecraft\mods\betterblockz-0.2.5-1.21.1-neoforge.jar","E:\stoneblock4-zh_tw\resourcepacks\sb4-zh_tw\assets\betterblockz\lang\zh_tw.json"
"rechiseled","1222","1222","0","100","C:\Users\sad79\AppData\Roaming\PrismLauncher\instances\FTB StoneBlock 4\minecraft\mods\rechiseled-1.1.6a-neoforge-mc1.21.jar","E:\stoneblock4-zh_tw\resourcepacks\sb4-zh_tw\assets\rechiseled\lang\zh_tw.json"
"occultism","1217","1217","0","100","C:\Users\sad79\AppData\Roaming\PrismLauncher\instances\FTB StoneBlock 4\minecraft\mods\occultism-1.21.1-neoforge-1.201.0.jar","E:\stoneblock4-zh_tw\resourcepacks\sb4-zh_tw\assets\occultism\lang\zh_tw.json"
"ftbmaterials","864","864","0","100","C:\Users\sad79\AppData\Roaming\PrismLauncher\instances\FTB StoneBlock 4\minecraft\mods\ftb-materials-neoforge-21.1.3.jar","E:\stoneblock4-zh_tw\resourcepacks\sb4-zh_tw\assets\ftbmaterials\lang\zh_tw.json"
"ritual","650","650","0","100","C:\Users\sad79\AppData\Roaming\PrismLauncher\instances\FTB StoneBlock 4\minecraft\mods\occultengineering-1.21.1-0.11.1.jar","E:\stoneblock4-zh_tw\resourcepacks\sb4-zh_tw\assets\ritual\lang\zh_tw.json"
"ftbquests","605","605","0","100","C:\Users\sad79\AppData\Roaming\PrismLauncher\instances\FTB StoneBlock 4\minecraft\mods\ftb-quests-neoforge-2101.1.20.jar","E:\stoneblock4-zh_tw\resourcepacks\sb4-zh_tw\assets\ftbquests\lang\zh_tw.json"
"draconicevolution","458","458","0","100","C:\Users\sad79\AppData\Roaming\PrismLauncher\instances\FTB StoneBlock 4\minecraft\mods\Draconic-Evolution-1.21.1-3.1.4.630.jar","E:\stoneblock4-zh_tw\resourcepacks\sb4-zh_tw\assets\draconicevolution\lang\zh_tw.json"
"oritech","435","435","0","100","C:\Users\sad79\AppData\Roaming\PrismLauncher\instances\FTB StoneBlock 4\minecraft\mods\oritech-neoforge-1.21.1-0.19.7.jar","E:\stoneblock4-zh_tw\resourcepacks\sb4-zh_tw\assets\oritech\lang\zh_tw.json"
"supplementaries","409","409","0","100","C:\Users\sad79\AppData\Roaming\PrismLauncher\instances\FTB StoneBlock 4\minecraft\mods\supplementaries-1.21-3.5.16-neoforge.jar","E:\stoneblock4-zh_tw\resourcepacks\sb4-zh_tw\assets\supplementaries\lang\zh_tw.json"
"ars_elemental","390","390","0","100","C:\Users\sad79\AppData\Roaming\PrismLauncher\instances\FTB StoneBlock 4\minecraft\mods\ars_elemental-1.21.1-0.7.6.12.jar","E:\stoneblock4-zh_tw\resourcepacks\sb4-zh_tw\assets\ars_elemental\lang\zh_tw.json"
"irregular_implements","341","341","0","100","C:\Users\sad79\AppData\Roaming\PrismLauncher\instances\FTB StoneBlock 4\minecraft\mods\irregular-implements-1.21.1-1.10.0-build.213.jar","E:\stoneblock4-zh_tw\resourcepacks\sb4-zh_tw\assets\irregular_implements\lang\zh_tw.json"
"booklet","328","328","0","100","C:\Users\sad79\AppData\Roaming\PrismLauncher\instances\FTB StoneBlock 4\minecraft\mods\actuallyadditions-1.3.24+mc1.21.1.jar","E:\stoneblock4-zh_tw\resourcepacks\sb4-zh_tw\assets\booklet\lang\zh_tw.json"
"xycraft_world","321","321","0","100","C:\Users\sad79\AppData\Roaming\PrismLauncher\instances\FTB StoneBlock 4\minecraft\mods\xycraft_world-0.7.53.jar","E:\stoneblock4-zh_tw\resourcepacks\sb4-zh_tw\assets\xycraft_world\lang\zh_tw.json"
"relics","311","311","0","100","C:\Users\sad79\AppData\Roaming\PrismLauncher\instances\FTB StoneBlock 4\minecraft\mods\rarcompat-1.21-0.9.7.jar","E:\stoneblock4-zh_tw\resourcepacks\sb4-zh_tw\assets\relics\lang\zh_tw.json"
"create_connected","293","293","0","100","C:\Users\sad79\AppData\Roaming\PrismLauncher\instances\FTB StoneBlock 4\minecraft\mods\create_connected-1.1.10-mc1.21.1.jar","E:\stoneblock4-zh_tw\resourcepacks\sb4-zh_tw\assets\create_connected\lang\zh_tw.json"
"framedblocks","293","293","0","100","C:\Users\sad79\AppData\Roaming\PrismLauncher\instances\FTB StoneBlock 4\minecraft\mods\FramedBlocks-10.5.1.jar","E:\stoneblock4-zh_tw\resourcepacks\sb4-zh_tw\assets\framedblocks\lang\zh_tw.json"
"sophisticatedcore","291","291","0","100","C:\Users\sad79\AppData\Roaming\PrismLauncher\instances\FTB StoneBlock 4\minecraft\mods\sophisticatedcore-1.21.1-1.3.100.1348.jar","E:\stoneblock4-zh_tw\resourcepacks\sb4-zh_tw\assets\sophisticatedcore\lang\zh_tw.json"
"fc","282","282","0","100","C:\Users\sad79\AppData\Roaming\PrismLauncher\instances\FTB StoneBlock 4\minecraft\mods\fzzy_config-0.7.4+1.21+neoforge.jar","E:\stoneblock4-zh_tw\resourcepacks\sb4-zh_tw\assets\fc\lang\zh_tw.json"
"sophisticatedstorage","280","280","0","100","C:\Users\sad79\AppData\Roaming\PrismLauncher\instances\FTB StoneBlock 4\minecraft\mods\sophisticatedstorage-1.21.1-1.5.19.1415.jar","E:\stoneblock4-zh_tw\resourcepacks\sb4-zh_tw\assets\sophisticatedstorage\lang\zh_tw.json"
"ftbchunks","279","279","0","100","C:\Users\sad79\AppData\Roaming\PrismLauncher\instances\FTB StoneBlock 4\minecraft\mods\ftb-chunks-neoforge-2101.1.13.jar","E:\stoneblock4-zh_tw\resourcepacks\sb4-zh_tw\assets\ftbchunks\lang\zh_tw.json"
"productivemetalworks","273","273","0","100","C:\Users\sad79\AppData\Roaming\PrismLauncher\instances\FTB StoneBlock 4\minecraft\mods\productivemetalworks-1.21.1-1.14.0.jar","E:\stoneblock4-zh_tw\resourcepacks\sb4-zh_tw\assets\productivemetalworks\lang\zh_tw.json"
"level","246","246","0","100","C:\Users\sad79\AppData\Roaming\PrismLauncher\instances\FTB StoneBlock 4\minecraft\mods\ApothicEnchanting-1.21.1-1.5.0.jar","E:\stoneblock4-zh_tw\resourcepacks\sb4-zh_tw\assets\level\lang\zh_tw.json"
"createaddition","239","239","0","100","C:\Users\sad79\AppData\Roaming\PrismLauncher\instances\FTB StoneBlock 4\minecraft\mods\createaddition-1.5.9.jar","E:\stoneblock4-zh_tw\resourcepacks\sb4-zh_tw\assets\createaddition\lang\zh_tw.json"
"create_enchantment_industry","237","237","0","100","C:\Users\sad79\AppData\Roaming\PrismLauncher\instances\FTB StoneBlock 4\minecraft\mods\create-enchantment-industry-2.2.5b.jar","E:\stoneblock4-zh_tw\resourcepacks\sb4-zh_tw\assets\create_enchantment_industry\lang\zh_tw.json"
"sophisticatedbackpacks","215","215","0","100","C:\Users\sad79\AppData\Roaming\PrismLauncher\instances\FTB StoneBlock 4\minecraft\mods\sophisticatedbackpacks-1.21.1-3.25.22.1487.jar","E:\stoneblock4-zh_tw\resourcepacks\sb4-zh_tw\assets\sophisticatedbackpacks\lang\zh_tw.json"
"fdbosses","214","214","0","100","C:\Users\sad79\AppData\Roaming\PrismLauncher\instances\FTB StoneBlock 4\minecraft\mods\fdbosses-3.0.1-1.21.1.jar","E:\stoneblock4-zh_tw\resourcepacks\sb4-zh_tw\assets\fdbosses\lang\zh_tw.json"
"alias","200","200","0","100","C:\Users\sad79\AppData\Roaming\PrismLauncher\instances\FTB StoneBlock 4\minecraft\mods\Mekanism-1.21.1-10.7.17.83.jar","E:\stoneblock4-zh_tw\resourcepacks\sb4-zh_tw\assets\alias\lang\zh_tw.json"
"ftbstuff","180","180","0","100","C:\Users\sad79\AppData\Roaming\PrismLauncher\instances\FTB StoneBlock 4\minecraft\mods\ftb-stuff-things-21.1.16.jar","E:\stoneblock4-zh_tw\resourcepacks\sb4-zh_tw\assets\ftbstuff\lang\zh_tw.json"
"module","168","168","0","100","C:\Users\sad79\AppData\Roaming\PrismLauncher\instances\FTB StoneBlock 4\minecraft\mods\Draconic-Evolution-1.21.1-3.1.4.630.jar","E:\stoneblock4-zh_tw\resourcepacks\sb4-zh_tw\assets\module\lang\zh_tw.json"
"xnet","162","162","0","100","C:\Users\sad79\AppData\Roaming\PrismLauncher\instances\FTB StoneBlock 4\minecraft\mods\xnet-1.21-7.0.6.jar","E:\stoneblock4-zh_tw\resourcepacks\sb4-zh_tw\assets\xnet\lang\zh_tw.json"
"tempad","156","156","0","100","C:\Users\sad79\AppData\Roaming\PrismLauncher\instances\FTB StoneBlock 4\minecraft\mods\tempad-1.21.1-3.0.4-all.jar","E:\stoneblock4-zh_tw\resourcepacks\sb4-zh_tw\assets\tempad\lang\zh_tw.json"
"powah","154","154","0","100","C:\Users\sad79\AppData\Roaming\PrismLauncher\instances\FTB StoneBlock 4\minecraft\mods\Powah-6.2.7.jar","E:\stoneblock4-zh_tw\resourcepacks\sb4-zh_tw\assets\powah\lang\zh_tw.json"
"computercraft","150","150","0","100","C:\Users\sad79\AppData\Roaming\PrismLauncher\instances\FTB StoneBlock 4\minecraft\mods\cc-tweaked-1.21.1-forge-1.117.0.jar","E:\stoneblock4-zh_tw\resourcepacks\sb4-zh_tw\assets\computercraft\lang\zh_tw.json"
"projecte","136","136","0","100","C:\Users\sad79\AppData\Roaming\PrismLauncher\instances\FTB StoneBlock 4\minecraft\mods\ProjectE-1.21.1-PE1.1.0.jar","E:\stoneblock4-zh_tw\resourcepacks\sb4-zh_tw\assets\projecte\lang\zh_tw.json"
"advanced_ae","129","129","0","100","C:\Users\sad79\AppData\Roaming\PrismLauncher\instances\FTB StoneBlock 4\minecraft\mods\AdvancedAE-1.6.9-1.21.1.jar","E:\stoneblock4-zh_tw\resourcepacks\sb4-zh_tw\assets\advanced_ae\lang\zh_tw.json"
"rgp_client","128","128","0","100","C:\Users\sad79\AppData\Roaming\PrismLauncher\instances\FTB StoneBlock 4\minecraft\mods\rgp-client-1.0.11+mc1.21.1.jar","E:\stoneblock4-zh_tw\resourcepacks\sb4-zh_tw\assets\rgp_client\lang\zh_tw.json"
"misc","121","121","0","100","C:\Users\sad79\AppData\Roaming\PrismLauncher\instances\FTB StoneBlock 4\minecraft\mods\actuallyadditions-1.3.24+mc1.21.1.jar","E:\stoneblock4-zh_tw\resourcepacks\sb4-zh_tw\assets\misc\lang\zh_tw.json"
"fluxnetworks","116","116","0","100","C:\Users\sad79\AppData\Roaming\PrismLauncher\instances\FTB StoneBlock 4\minecraft\mods\FluxNetworks-1.21.1-8.0.0.jar","E:\stoneblock4-zh_tw\resourcepacks\sb4-zh_tw\assets\fluxnetworks\lang\zh_tw.json"
"buildinggadgets2","111","111","0","100","C:\Users\sad79\AppData\Roaming\PrismLauncher\instances\FTB StoneBlock 4\minecraft\mods\buildinggadgets2-1.3.9.jar","E:\stoneblock4-zh_tw\resourcepacks\sb4-zh_tw\assets\buildinggadgets2\lang\zh_tw.json"
"glassential","108","108","0","100","C:\Users\sad79\AppData\Roaming\PrismLauncher\instances\FTB StoneBlock 4\minecraft\mods\Glassential-renewed-1.21.1-3.3.2.jar","E:\stoneblock4-zh_tw\resourcepacks\sb4-zh_tw\assets\glassential\lang\zh_tw.json"
"megacells","105","105","0","100","C:\Users\sad79\AppData\Roaming\PrismLauncher\instances\FTB StoneBlock 4\minecraft\mods\megacells-4.10.1.jar","E:\stoneblock4-zh_tw\resourcepacks\sb4-zh_tw\assets\megacells\lang\zh_tw.json"
"achievement","103","103","0","100","C:\Users\sad79\AppData\Roaming\PrismLauncher\instances\FTB StoneBlock 4\minecraft\mods\actuallyadditions-1.3.24+mc1.21.1.jar","E:\stoneblock4-zh_tw\resourcepacks\sb4-zh_tw\assets\achievement\lang\zh_tw.json"
"fluid_type","102","102","0","100","C:\Users\sad79\AppData\Roaming\PrismLauncher\instances\FTB StoneBlock 4\minecraft\mods\actuallyadditions-1.3.24+mc1.21.1.jar","E:\stoneblock4-zh_tw\resourcepacks\sb4-zh_tw\assets\fluid_type\lang\zh_tw.json"
"occultengineering","98","98","0","100","C:\Users\sad79\AppData\Roaming\PrismLauncher\instances\FTB StoneBlock 4\minecraft\mods\occultengineering-1.21.1-0.11.1.jar","E:\stoneblock4-zh_tw\resourcepacks\sb4-zh_tw\assets\occultengineering\lang\zh_tw.json"
"cognition","97","97","0","100","C:\Users\sad79\AppData\Roaming\PrismLauncher\instances\FTB StoneBlock 4\minecraft\mods\Cognition-v2.4.10-1.21.1.jar","E:\stoneblock4-zh_tw\resourcepacks\sb4-zh_tw\assets\cognition\lang\zh_tw.json"
"mffs","97","97","0","100","C:\Users\sad79\AppData\Roaming\PrismLauncher\instances\FTB StoneBlock 4\minecraft\mods\mffs-5.4.27.jar","E:\stoneblock4-zh_tw\resourcepacks\sb4-zh_tw\assets\mffs\lang\zh_tw.json"
"ftbessentials","93","93","0","100","C:\Users\sad79\AppData\Roaming\PrismLauncher\instances\FTB StoneBlock 4\minecraft\mods\ftb-essentials-neoforge-2101.1.8.jar","E:\stoneblock4-zh_tw\resourcepacks\sb4-zh_tw\assets\ftbessentials\lang\zh_tw.json"
"ftbteams","93","93","0","100","C:\Users\sad79\AppData\Roaming\PrismLauncher\instances\FTB StoneBlock 4\minecraft\mods\ftb-teams-neoforge-2101.1.9.jar","E:\stoneblock4-zh_tw\resourcepacks\sb4-zh_tw\assets\ftbteams\lang\zh_tw.json"
"amendments","82","82","0","100","C:\Users\sad79\AppData\Roaming\PrismLauncher\instances\FTB StoneBlock 4\minecraft\mods\amendments-1.21-2.0.13-neoforge.jar","E:\stoneblock4-zh_tw\resourcepacks\sb4-zh_tw\assets\amendments\lang\zh_tw.json"
"classicpipes","82","82","0","100","C:\Users\sad79\AppData\Roaming\PrismLauncher\instances\FTB StoneBlock 4\minecraft\mods\classicpipes-neoforge-1.21.1-1.0.10.jar","E:\stoneblock4-zh_tw\resourcepacks\sb4-zh_tw\assets\classicpipes\lang\zh_tw.json"
"improved_exp","82","82","0","100","C:\Users\sad79\AppData\Roaming\PrismLauncher\instances\FTB StoneBlock 4\minecraft\mods\enchdesc-neoforge-1.21.1-21.1.9.jar","E:\stoneblock4-zh_tw\resourcepacks\sb4-zh_tw\assets\improved_exp\lang\zh_tw.json"
"functionalstorage","75","75","0","100","C:\Users\sad79\AppData\Roaming\PrismLauncher\instances\FTB StoneBlock 4\minecraft\mods\functionalstorage-1.21.1-1.5.5.jar","E:\stoneblock4-zh_tw\resourcepacks\sb4-zh_tw\assets\functionalstorage\lang\zh_tw.json"
"apothic_attributes","74","74","0","100","C:\Users\sad79\AppData\Roaming\PrismLauncher\instances\FTB StoneBlock 4\minecraft\mods\ApothicAttributes-1.21.1-2.9.0.jar","E:\stoneblock4-zh_tw\resourcepacks\sb4-zh_tw\assets\apothic_attributes\lang\zh_tw.json"
"attribute","73","73","0","100","C:\Users\sad79\AppData\Roaming\PrismLauncher\instances\FTB StoneBlock 4\minecraft\mods\ApothicAttributes-1.21.1-2.9.0.jar","E:\stoneblock4-zh_tw\resourcepacks\sb4-zh_tw\assets\attribute\lang\zh_tw.json"
"rftoolsutility","71","71","0","100","C:\Users\sad79\AppData\Roaming\PrismLauncher\instances\FTB StoneBlock 4\minecraft\mods\rftoolsutility-1.21-7.0.10.jar","E:\stoneblock4-zh_tw\resourcepacks\sb4-zh_tw\assets\rftoolsutility\lang\zh_tw.json"
"oritechthings","69","69","0","100","C:\Users\sad79\AppData\Roaming\PrismLauncher\instances\FTB StoneBlock 4\minecraft\mods\oritechthings-0.0.37.jar","E:\stoneblock4-zh_tw\resourcepacks\sb4-zh_tw\assets\oritechthings\lang\zh_tw.json"
"loot_category","62","62","0","100","C:\Users\sad79\AppData\Roaming\PrismLauncher\instances\FTB StoneBlock 4\minecraft\mods\Apotheosis-1.21.1-8.4.1.jar","E:\stoneblock4-zh_tw\resourcepacks\sb4-zh_tw\assets\loot_category\lang\zh_tw.json"
"tetra","59","59","0","100","C:\Users\sad79\AppData\Roaming\PrismLauncher\instances\FTB StoneBlock 4\minecraft\mods\irons_spellbooks-1.21.1-3.15.0.jar","E:\stoneblock4-zh_tw\resourcepacks\sb4-zh_tw\assets\tetra\lang\zh_tw.json"
"ftboceanmobs","58","58","0","100","C:\Users\sad79\AppData\Roaming\PrismLauncher\instances\FTB StoneBlock 4\minecraft\mods\ftboceanmobs-21.1.4.jar","E:\stoneblock4-zh_tw\resourcepacks\sb4-zh_tw\assets\ftboceanmobs\lang\zh_tw.json"
"create_dragons_plus","55","55","0","100","C:\Users\sad79\AppData\Roaming\PrismLauncher\instances\FTB StoneBlock 4\minecraft\mods\create-dragons-plus-1.8.5.jar","E:\stoneblock4-zh_tw\resourcepacks\sb4-zh_tw\assets\create_dragons_plus\lang\zh_tw.json"
"appflux","54","54","0","100","C:\Users\sad79\AppData\Roaming\PrismLauncher\instances\FTB StoneBlock 4\minecraft\mods\AppliedFlux-1.21-2.1.3-neoforge.jar","E:\stoneblock4-zh_tw\resourcepacks\sb4-zh_tw\assets\appflux\lang\zh_tw.json"
"sound_event","54","54","0","100","C:\Users\sad79\AppData\Roaming\PrismLauncher\instances\FTB StoneBlock 4\minecraft\mods\Mekanism-1.21.1-10.7.17.83.jar","E:\stoneblock4-zh_tw\resourcepacks\sb4-zh_tw\assets\sound_event\lang\zh_tw.json"
"ironfurnaces","53","53","0","100","C:\Users\sad79\AppData\Roaming\PrismLauncher\instances\FTB StoneBlock 4\minecraft\mods\ironfurnaces-neoforge-1.21.1-4.3.2.jar","E:\stoneblock4-zh_tw\resourcepacks\sb4-zh_tw\assets\ironfurnaces\lang\zh_tw.json"
"cabletiers","52","52","0","100","C:\Users\sad79\AppData\Roaming\PrismLauncher\instances\FTB StoneBlock 4\minecraft\mods\cabletiers-neoforge-1.21.1-0.6.9.jar","E:\stoneblock4-zh_tw\resourcepacks\sb4-zh_tw\assets\cabletiers\lang\zh_tw.json"
"damage_type","52","52","0","100","C:\Users\sad79\AppData\Roaming\PrismLauncher\instances\FTB StoneBlock 4\minecraft\mods\irons_jewelry-1.21.1-1.6.0.jar","E:\stoneblock4-zh_tw\resourcepacks\sb4-zh_tw\assets\damage_type\lang\zh_tw.json"
"structure","51","51","0","100","C:\Users\sad79\AppData\Roaming\PrismLauncher\instances\FTB StoneBlock 4\minecraft\mods\explorerscompass-edited-1.21.1-3.0.3-neoforge.jar","E:\stoneblock4-zh_tw\resourcepacks\sb4-zh_tw\assets\structure\lang\zh_tw.json"
"travellers_gear","50","50","0","100","C:\Users\sad79\AppData\Roaming\PrismLauncher\instances\FTB StoneBlock 4\minecraft\mods\twilightforest-1.21.1-4.8.3287-universal.jar","E:\stoneblock4-zh_tw\resourcepacks\sb4-zh_tw\assets\travellers_gear\lang\zh_tw.json"
"advancedperipherals","49","49","0","100","C:\Users\sad79\AppData\Roaming\PrismLauncher\instances\FTB StoneBlock 4\minecraft\mods\AdvancedPeripherals-1.21.1-0.7.59b.jar","E:\stoneblock4-zh_tw\resourcepacks\sb4-zh_tw\assets\advancedperipherals\lang\zh_tw.json"
"item_prop","48","48","0","100","C:\Users\sad79\AppData\Roaming\PrismLauncher\instances\FTB StoneBlock 4\minecraft\mods\Draconic-Evolution-1.21.1-3.1.4.630.jar","E:\stoneblock4-zh_tw\resourcepacks\sb4-zh_tw\assets\item_prop\lang\zh_tw.json"
"pipegoggles","48","48","0","100","C:\Users\sad79\AppData\Roaming\PrismLauncher\instances\FTB StoneBlock 4\minecraft\mods\pipegoggles-2.0.4.jar","E:\stoneblock4-zh_tw\resourcepacks\sb4-zh_tw\assets\pipegoggles\lang\zh_tw.json"
"tesseract","48","48","0","100","C:\Users\sad79\AppData\Roaming\PrismLauncher\instances\FTB StoneBlock 4\minecraft\mods\tesseract-1.0.38-neoforge-mc1.21.jar","E:\stoneblock4-zh_tw\resourcepacks\sb4-zh_tw\assets\tesseract\lang\zh_tw.json"
"mekanismgenerators","47","47","0","100","C:\Users\sad79\AppData\Roaming\PrismLauncher\instances\FTB StoneBlock 4\minecraft\mods\MekanismGenerators-1.21.1-10.7.17.83.jar","E:\stoneblock4-zh_tw\resourcepacks\sb4-zh_tw\assets\mekanismgenerators\lang\zh_tw.json"
"drippyloadingscreen","45","45","0","100","C:\Users\sad79\AppData\Roaming\PrismLauncher\instances\FTB StoneBlock 4\minecraft\mods\drippyloadingscreen_neoforge_3.1.0_MC_1.21.1.jar","E:\stoneblock4-zh_tw\resourcepacks\sb4-zh_tw\assets\drippyloadingscreen\lang\zh_tw.json"
"gaze","45","45","0","100","C:\Users\sad79\AppData\Roaming\PrismLauncher\instances\FTB StoneBlock 4\minecraft\mods\gaze-1.1.7.1.jar","E:\stoneblock4-zh_tw\resourcepacks\sb4-zh_tw\assets\gaze\lang\zh_tw.json"
"msg","43","43","0","100","C:\Users\sad79\AppData\Roaming\PrismLauncher\instances\FTB StoneBlock 4\minecraft\mods\Draconic-Evolution-1.21.1-3.1.4.630.jar","E:\stoneblock4-zh_tw\resourcepacks\sb4-zh_tw\assets\msg\lang\zh_tw.json"
"material","42","42","0","100","C:\Users\sad79\AppData\Roaming\PrismLauncher\instances\FTB StoneBlock 4\minecraft\mods\AdvancedAE-1.6.9-1.21.1.jar","E:\stoneblock4-zh_tw\resourcepacks\sb4-zh_tw\assets\material\lang\zh_tw.json"
"solcarrot","40","40","0","100","C:\Users\sad79\AppData\Roaming\PrismLauncher\instances\FTB StoneBlock 4\minecraft\mods\solcarrot-1.21.1-1.16.6.jar","E:\stoneblock4-zh_tw\resourcepacks\sb4-zh_tw\assets\solcarrot\lang\zh_tw.json"
"simplemagnets","38","38","0","100","C:\Users\sad79\AppData\Roaming\PrismLauncher\instances\FTB StoneBlock 4\minecraft\mods\simplemagnets-1.1.12c-neoforge-mc1.21.jar","E:\stoneblock4-zh_tw\resourcepacks\sb4-zh_tw\assets\simplemagnets\lang\zh_tw.json"
"reactor","37","37","0","100","C:\Users\sad79\AppData\Roaming\PrismLauncher\instances\FTB StoneBlock 4\minecraft\mods\Draconic-Evolution-1.21.1-3.1.4.630.jar","E:\stoneblock4-zh_tw\resourcepacks\sb4-zh_tw\assets\reactor\lang\zh_tw.json"
"turbine","36","36","0","100","C:\Users\sad79\AppData\Roaming\PrismLauncher\instances\FTB StoneBlock 4\minecraft\mods\MekanismGenerators-1.21.1-10.7.17.83.jar","E:\stoneblock4-zh_tw\resourcepacks\sb4-zh_tw\assets\turbine\lang\zh_tw.json"
"apothic_spawners","35","35","0","100","C:\Users\sad79\AppData\Roaming\PrismLauncher\instances\FTB StoneBlock 4\minecraft\mods\ApothicSpawners-1.21.1-1.3.2.jar","E:\stoneblock4-zh_tw\resourcepacks\sb4-zh_tw\assets\apothic_spawners\lang\zh_tw.json"
"create_central_kitchen","35","35","0","100","C:\Users\sad79\AppData\Roaming\PrismLauncher\instances\FTB StoneBlock 4\minecraft\mods\create-central-kitchen-2.2.6.jar","E:\stoneblock4-zh_tw\resourcepacks\sb4-zh_tw\assets\create_central_kitchen\lang\zh_tw.json"
"generic","35","35","0","100","C:\Users\sad79\AppData\Roaming\PrismLauncher\instances\FTB StoneBlock 4\minecraft\mods\artifacts-neoforge-13.1.0.jar","E:\stoneblock4-zh_tw\resourcepacks\sb4-zh_tw\assets\generic\lang\zh_tw.json"
"gui","35","35","0","100","C:\Users\sad79\AppData\Roaming\PrismLauncher\instances\FTB StoneBlock 4\minecraft\mods\ftb-library-neoforge-2101.1.30.jar","E:\stoneblock4-zh_tw\resourcepacks\sb4-zh_tw\assets\gui\lang\zh_tw.json"
"qio","35","35","0","100","C:\Users\sad79\AppData\Roaming\PrismLauncher\instances\FTB StoneBlock 4\minecraft\mods\Mekanism-1.21.1-10.7.17.83.jar","E:\stoneblock4-zh_tw\resourcepacks\sb4-zh_tw\assets\qio\lang\zh_tw.json"
"upgrade","35","35","0","100","C:\Users\sad79\AppData\Roaming\PrismLauncher\instances\FTB StoneBlock 4\minecraft\mods\Apotheosis-1.21.1-8.4.1.jar","E:\stoneblock4-zh_tw\resourcepacks\sb4-zh_tw\assets\upgrade\lang\zh_tw.json"
"app","34","34","0","100","C:\Users\sad79\AppData\Roaming\PrismLauncher\instances\FTB StoneBlock 4\minecraft\mods\tempad-1.21.1-3.0.4-all.jar","E:\stoneblock4-zh_tw\resourcepacks\sb4-zh_tw\assets\app\lang\zh_tw.json"
"ftbteamsconfig","34","34","0","100","C:\Users\sad79\AppData\Roaming\PrismLauncher\instances\FTB StoneBlock 4\minecraft\mods\ftb-chunks-neoforge-2101.1.13.jar","E:\stoneblock4-zh_tw\resourcepacks\sb4-zh_tw\assets\ftbteamsconfig\lang\zh_tw.json"
"waila","34","34","0","100","C:\Users\sad79\AppData\Roaming\PrismLauncher\instances\FTB StoneBlock 4\minecraft\mods\appliedenergistics2-19.2.17.jar","E:\stoneblock4-zh_tw\resourcepacks\sb4-zh_tw\assets\waila\lang\zh_tw.json"
"bonus","33","33","0","100","C:\Users\sad79\AppData\Roaming\PrismLauncher\instances\FTB StoneBlock 4\minecraft\mods\Apotheosis-1.21.1-8.4.1.jar","E:\stoneblock4-zh_tw\resourcepacks\sb4-zh_tw\assets\bonus\lang\zh_tw.json"
"pedestal","33","33","0","100","C:\Users\sad79\AppData\Roaming\PrismLauncher\instances\FTB StoneBlock 4\minecraft\mods\ProjectE-1.21.1-PE1.1.0.jar","E:\stoneblock4-zh_tw\resourcepacks\sb4-zh_tw\assets\pedestal\lang\zh_tw.json"
"refinedstorage_mekanism_integration","33","33","0","100","C:\Users\sad79\AppData\Roaming\PrismLauncher\instances\FTB StoneBlock 4\minecraft\mods\refinedstorage-mekanism-integration-1.1.1.jar","E:\stoneblock4-zh_tw\resourcepacks\sb4-zh_tw\assets\refinedstorage_mekanism_integration\lang\zh_tw.json"
"fission","32","32","0","100","C:\Users\sad79\AppData\Roaming\PrismLauncher\instances\FTB StoneBlock 4\minecraft\mods\Mekanism-1.21.1-10.7.17.83.jar","E:\stoneblock4-zh_tw\resourcepacks\sb4-zh_tw\assets\fission\lang\zh_tw.json"
"string","32","32","0","100","C:\Users\sad79\AppData\Roaming\PrismLauncher\instances\FTB StoneBlock 4\minecraft\mods\explorerscompass-edited-1.21.1-3.0.3-neoforge.jar","E:\stoneblock4-zh_tw\resourcepacks\sb4-zh_tw\assets\string\lang\zh_tw.json"
"trashcans","32","32","0","100","C:\Users\sad79\AppData\Roaming\PrismLauncher\instances\FTB StoneBlock 4\minecraft\mods\trashcans-1.0.18c-neoforge-mc1.21.jar","E:\stoneblock4-zh_tw\resourcepacks\sb4-zh_tw\assets\trashcans\lang\zh_tw.json"
"justhammers","31","31","0","100","C:\Users\sad79\AppData\Roaming\PrismLauncher\instances\FTB StoneBlock 4\minecraft\mods\just-hammers-neoforge-21.1.3.jar","E:\stoneblock4-zh_tw\resourcepacks\sb4-zh_tw\assets\justhammers\lang\zh_tw.json"
"part","31","31","0","100","C:\Users\sad79\AppData\Roaming\PrismLauncher\instances\FTB StoneBlock 4\minecraft\mods\irons_jewelry-1.21.1-1.6.0.jar","E:\stoneblock4-zh_tw\resourcepacks\sb4-zh_tw\assets\part\lang\zh_tw.json"
"emc","30","30","0","100","C:\Users\sad79\AppData\Roaming\PrismLauncher\instances\FTB StoneBlock 4\minecraft\mods\ProjectE-1.21.1-PE1.1.0.jar","E:\stoneblock4-zh_tw\resourcepacks\sb4-zh_tw\assets\emc\lang\zh_tw.json"
"units","30","30","0","100","C:\Users\sad79\AppData\Roaming\PrismLauncher\instances\FTB StoneBlock 4\minecraft\mods\bookshelf-neoforge-1.21.1-21.1.80.jar","E:\stoneblock4-zh_tw\resourcepacks\sb4-zh_tw\assets\units\lang\zh_tw.json"
"gem_class","28","28","0","100","C:\Users\sad79\AppData\Roaming\PrismLauncher\instances\FTB StoneBlock 4\minecraft\mods\Apotheosis-1.21.1-8.4.1.jar","E:\stoneblock4-zh_tw\resourcepacks\sb4-zh_tw\assets\gem_class\lang\zh_tw.json"
"multiblock","28","28","0","100","C:\Users\sad79\AppData\Roaming\PrismLauncher\instances\FTB StoneBlock 4\minecraft\mods\Mekanism-1.21.1-10.7.17.83.jar","E:\stoneblock4-zh_tw\resourcepacks\sb4-zh_tw\assets\multiblock\lang\zh_tw.json"
"dictionary","27","27","0","100","C:\Users\sad79\AppData\Roaming\PrismLauncher\instances\FTB StoneBlock 4\minecraft\mods\Mekanism-1.21.1-10.7.17.83.jar","E:\stoneblock4-zh_tw\resourcepacks\sb4-zh_tw\assets\dictionary\lang\zh_tw.json"
"dislocate","26","26","0","100","C:\Users\sad79\AppData\Roaming\PrismLauncher\instances\FTB StoneBlock 4\minecraft\mods\Draconic-Evolution-1.21.1-3.1.4.630.jar","E:\stoneblock4-zh_tw\resourcepacks\sb4-zh_tw\assets\dislocate\lang\zh_tw.json"
"yacl","26","26","0","100","C:\Users\sad79\AppData\Roaming\PrismLauncher\instances\FTB StoneBlock 4\minecraft\mods\yet_another_config_lib_v3-3.8.1+1.21.1-neoforge.jar","E:\stoneblock4-zh_tw\resourcepacks\sb4-zh_tw\assets\yacl\lang\zh_tw.json"
"program","25","25","0","100","C:\Users\sad79\AppData\Roaming\PrismLauncher\instances\FTB StoneBlock 4\minecraft\mods\Super Factory Manager (SFM)-MC1.21.1-4.28.0.jar","E:\stoneblock4-zh_tw\resourcepacks\sb4-zh_tw\assets\program\lang\zh_tw.json"
"upgrades","25","25","0","100","C:\Users\sad79\AppData\Roaming\PrismLauncher\instances\FTB StoneBlock 4\minecraft\mods\AdvancedAE-1.6.9-1.21.1.jar","E:\stoneblock4-zh_tw\resourcepacks\sb4-zh_tw\assets\upgrades\lang\zh_tw.json"
"condition","24","24","0","100","C:\Users\sad79\AppData\Roaming\PrismLauncher\instances\FTB StoneBlock 4\minecraft\mods\occultism-1.21.1-neoforge-1.201.0.jar","E:\stoneblock4-zh_tw\resourcepacks\sb4-zh_tw\assets\condition\lang\zh_tw.json"
"job","24","24","0","100","C:\Users\sad79\AppData\Roaming\PrismLauncher\instances\FTB StoneBlock 4\minecraft\mods\occultism-1.21.1-neoforge-1.201.0.jar","E:\stoneblock4-zh_tw\resourcepacks\sb4-zh_tw\assets\job\lang\zh_tw.json"
"entangled","23","23","0","100","C:\Users\sad79\AppData\Roaming\PrismLauncher\instances\FTB StoneBlock 4\minecraft\mods\entangled-1.3.20a-neoforge-mc1.21.jar","E:\stoneblock4-zh_tw\resourcepacks\sb4-zh_tw\assets\entangled\lang\zh_tw.json"
"linkingtool","23","23","0","100","C:\Users\sad79\AppData\Roaming\PrismLauncher\instances\FTB StoneBlock 4\minecraft\mods\functionalstorage-1.21.1-1.5.5.jar","E:\stoneblock4-zh_tw\resourcepacks\sb4-zh_tw\assets\linkingtool\lang\zh_tw.json"
"advancement","22","22","0","100","C:\Users\sad79\AppData\Roaming\PrismLauncher\instances\FTB StoneBlock 4\minecraft\mods\Psi-1.21.1-107.jar","E:\stoneblock4-zh_tw\resourcepacks\sb4-zh_tw\assets\advancement\lang\zh_tw.json"
"module_type","22","22","0","100","C:\Users\sad79\AppData\Roaming\PrismLauncher\instances\FTB StoneBlock 4\minecraft\mods\Draconic-Evolution-1.21.1-3.1.4.630.jar","E:\stoneblock4-zh_tw\resourcepacks\sb4-zh_tw\assets\module_type\lang\zh_tw.json"
"museumcurator","22","22","0","100","C:\Users\sad79\AppData\Roaming\PrismLauncher\instances\FTB StoneBlock 4\minecraft\mods\twilightforest-1.21.1-4.8.3287-universal.jar","E:\stoneblock4-zh_tw\resourcepacks\sb4-zh_tw\assets\museumcurator\lang\zh_tw.json"
"requirement","22","22","0","100","C:\Users\sad79\AppData\Roaming\PrismLauncher\instances\FTB StoneBlock 4\minecraft\mods\CustomMachinery-neoforge-1.21.1-0.10.54.jar","E:\stoneblock4-zh_tw\resourcepacks\sb4-zh_tw\assets\requirement\lang\zh_tw.json"
"appleskin","21","21","0","100","C:\Users\sad79\AppData\Roaming\PrismLauncher\instances\FTB StoneBlock 4\minecraft\mods\appleskin-neoforge-mc1.21-3.0.7.jar","E:\stoneblock4-zh_tw\resourcepacks\sb4-zh_tw\assets\appleskin\lang\zh_tw.json"
"boiler","21","21","0","100","C:\Users\sad79\AppData\Roaming\PrismLauncher\instances\FTB StoneBlock 4\minecraft\mods\Mekanism-1.21.1-10.7.17.83.jar","E:\stoneblock4-zh_tw\resourcepacks\sb4-zh_tw\assets\boiler\lang\zh_tw.json"
"mode","21","21","0","100","C:\Users\sad79\AppData\Roaming\PrismLauncher\instances\FTB StoneBlock 4\minecraft\mods\ProjectE-1.21.1-PE1.1.0.jar","E:\stoneblock4-zh_tw\resourcepacks\sb4-zh_tw\assets\mode\lang\zh_tw.json"
"numprefix","21","21","0","100","C:\Users\sad79\AppData\Roaming\PrismLauncher\instances\FTB StoneBlock 4\minecraft\mods\Draconic-Evolution-1.21.1-3.1.4.630.jar","E:\stoneblock4-zh_tw\resourcepacks\sb4-zh_tw\assets\numprefix\lang\zh_tw.json"
"miner","20","20","0","100","C:\Users\sad79\AppData\Roaming\PrismLauncher\instances\FTB StoneBlock 4\minecraft\mods\Mekanism-1.21.1-10.7.17.83.jar","E:\stoneblock4-zh_tw\resourcepacks\sb4-zh_tw\assets\miner\lang\zh_tw.json"
"ae2ct","19","19","0","100","C:\Users\sad79\AppData\Roaming\PrismLauncher\instances\FTB StoneBlock 4\minecraft\mods\ae2ct-1.21.1-1.1.1.jar","E:\stoneblock4-zh_tw\resourcepacks\sb4-zh_tw\assets\ae2ct\lang\zh_tw.json"
"filled_map","19","19","0","100","C:\Users\sad79\AppData\Roaming\PrismLauncher\instances\FTB StoneBlock 4\minecraft\mods\supplementaries-1.21-3.5.16-neoforge.jar","E:\stoneblock4-zh_tw\resourcepacks\sb4-zh_tw\assets\filled_map\lang\zh_tw.json"
"rarity","19","19","0","100","C:\Users\sad79\AppData\Roaming\PrismLauncher\instances\FTB StoneBlock 4\minecraft\mods\Apotheosis-1.21.1-8.4.1.jar","E:\stoneblock4-zh_tw\resourcepacks\sb4-zh_tw\assets\rarity\lang\zh_tw.json"
"color","18","18","0","100","C:\Users\sad79\AppData\Roaming\PrismLauncher\instances\FTB StoneBlock 4\minecraft\mods\Mekanism-1.21.1-10.7.17.83.jar","E:\stoneblock4-zh_tw\resourcepacks\sb4-zh_tw\assets\color\lang\zh_tw.json"
"mob_jar","18","18","0","100","C:\Users\sad79\AppData\Roaming\PrismLauncher\instances\FTB StoneBlock 4\minecraft\mods\ars_nouveau-1.21.1-5.11.1.jar","E:\stoneblock4-zh_tw\resourcepacks\sb4-zh_tw\assets\mob_jar\lang\zh_tw.json"
"transmutation","18","18","0","100","C:\Users\sad79\AppData\Roaming\PrismLauncher\instances\FTB StoneBlock 4\minecraft\mods\ProjectE-1.21.1-PE1.1.0.jar","E:\stoneblock4-zh_tw\resourcepacks\sb4-zh_tw\assets\transmutation\lang\zh_tw.json"
"wave_entity","18","18","0","100","C:\Users\sad79\AppData\Roaming\PrismLauncher\instances\FTB StoneBlock 4\minecraft\mods\Apotheosis-1.21.1-8.4.1.jar","E:\stoneblock4-zh_tw\resourcepacks\sb4-zh_tw\assets\wave_entity\lang\zh_tw.json"
"dungeonsenchantments","17","17","0","100","C:\Users\sad79\AppData\Roaming\PrismLauncher\instances\FTB StoneBlock 4\minecraft\mods\enchdesc-neoforge-1.21.1-21.1.9.jar","E:\stoneblock4-zh_tw\resourcepacks\sb4-zh_tw\assets\dungeonsenchantments\lang\zh_tw.json"
"rei","17","17","0","100","C:\Users\sad79\AppData\Roaming\PrismLauncher\instances\FTB StoneBlock 4\minecraft\mods\oritech-neoforge-1.21.1-0.19.7.jar","E:\stoneblock4-zh_tw\resourcepacks\sb4-zh_tw\assets\rei\lang\zh_tw.json"
"theoneprobe","17","17","0","100","C:\Users\sad79\AppData\Roaming\PrismLauncher\instances\FTB StoneBlock 4\minecraft\mods\appliedenergistics2-19.2.17.jar","E:\stoneblock4-zh_tw\resourcepacks\sb4-zh_tw\assets\theoneprobe\lang\zh_tw.json"
"transmitter","17","17","0","100","C:\Users\sad79\AppData\Roaming\PrismLauncher\instances\FTB StoneBlock 4\minecraft\mods\Mekanism-1.21.1-10.7.17.83.jar","E:\stoneblock4-zh_tw\resourcepacks\sb4-zh_tw\assets\transmitter\lang\zh_tw.json"
"widget","17","17","0","100","C:\Users\sad79\AppData\Roaming\PrismLauncher\instances\FTB StoneBlock 4\minecraft\mods\classicpipes-neoforge-1.21.1-1.0.10.jar","E:\stoneblock4-zh_tw\resourcepacks\sb4-zh_tw\assets\widget\lang\zh_tw.json"
"arseng","16","16","0","100","C:\Users\sad79\AppData\Roaming\PrismLauncher\instances\FTB StoneBlock 4\minecraft\mods\arseng-2.1.1-beta.jar","E:\stoneblock4-zh_tw\resourcepacks\sb4-zh_tw\assets\arseng\lang\zh_tw.json"
"drawer_upgrade","16","16","0","100","C:\Users\sad79\AppData\Roaming\PrismLauncher\instances\FTB StoneBlock 4\minecraft\mods\functionalstorage-1.21.1-1.5.5.jar","E:\stoneblock4-zh_tw\resourcepacks\sb4-zh_tw\assets\drawer_upgrade\lang\zh_tw.json"
"keybind","16","16","0","100","C:\Users\sad79\AppData\Roaming\PrismLauncher\instances\FTB StoneBlock 4\minecraft\mods\AdvancedPeripherals-1.21.1-0.7.59b.jar","E:\stoneblock4-zh_tw\resourcepacks\sb4-zh_tw\assets\keybind\lang\zh_tw.json"
"radial","16","16","0","100","C:\Users\sad79\AppData\Roaming\PrismLauncher\instances\FTB StoneBlock 4\minecraft\mods\Mekanism-1.21.1-10.7.17.83.jar","E:\stoneblock4-zh_tw\resourcepacks\sb4-zh_tw\assets\radial\lang\zh_tw.json"
"robit","16","16","0","100","C:\Users\sad79\AppData\Roaming\PrismLauncher\instances\FTB StoneBlock 4\minecraft\mods\Mekanism-1.21.1-10.7.17.83.jar","E:\stoneblock4-zh_tw\resourcepacks\sb4-zh_tw\assets\robit\lang\zh_tw.json"
"enchdesc","15","15","0","100","C:\Users\sad79\AppData\Roaming\PrismLauncher\instances\FTB StoneBlock 4\minecraft\mods\enchdesc-neoforge-1.21.1-21.1.9.jar","E:\stoneblock4-zh_tw\resourcepacks\sb4-zh_tw\assets\enchdesc\lang\zh_tw.json"
"itemcollectors","15","15","0","100","C:\Users\sad79\AppData\Roaming\PrismLauncher\instances\FTB StoneBlock 4\minecraft\mods\itemcollectors-1.1.10-neoforge-mc1.21.jar","E:\stoneblock4-zh_tw\resourcepacks\sb4-zh_tw\assets\itemcollectors\lang\zh_tw.json"
"manual","15","15","0","100","C:\Users\sad79\AppData\Roaming\PrismLauncher\instances\FTB StoneBlock 4\minecraft\mods\ImmersiveEngineering-1.21.1-12.4.2-194.jar","E:\stoneblock4-zh_tw\resourcepacks\sb4-zh_tw\assets\manual\lang\zh_tw.json"
"matrix","15","15","0","100","C:\Users\sad79\AppData\Roaming\PrismLauncher\instances\FTB StoneBlock 4\minecraft\mods\Mekanism-1.21.1-10.7.17.83.jar","E:\stoneblock4-zh_tw\resourcepacks\sb4-zh_tw\assets\matrix\lang\zh_tw.json"
"banner_pattern","14","14","0","100","C:\Users\sad79\AppData\Roaming\PrismLauncher\instances\FTB StoneBlock 4\minecraft\mods\malum-1.21.1-1.8.2.jar","E:\stoneblock4-zh_tw\resourcepacks\sb4-zh_tw\assets\banner_pattern\lang\zh_tw.json"
"configurator","14","14","0","100","C:\Users\sad79\AppData\Roaming\PrismLauncher\instances\FTB StoneBlock 4\minecraft\mods\Mekanism-1.21.1-10.7.17.83.jar","E:\stoneblock4-zh_tw\resourcepacks\sb4-zh_tw\assets\configurator\lang\zh_tw.json"
"enum","14","14","0","100","C:\Users\sad79\AppData\Roaming\PrismLauncher\instances\FTB StoneBlock 4\minecraft\mods\occultism-1.21.1-neoforge-1.201.0.jar","E:\stoneblock4-zh_tw\resourcepacks\sb4-zh_tw\assets\enum\lang\zh_tw.json"
"hud_armor","14","14","0","100","C:\Users\sad79\AppData\Roaming\PrismLauncher\instances\FTB StoneBlock 4\minecraft\mods\Draconic-Evolution-1.21.1-3.1.4.630.jar","E:\stoneblock4-zh_tw\resourcepacks\sb4-zh_tw\assets\hud_armor\lang\zh_tw.json"
"minimap","14","14","0","100","C:\Users\sad79\AppData\Roaming\PrismLauncher\instances\FTB StoneBlock 4\minecraft\mods\ftb-chunks-neoforge-2101.1.13.jar","E:\stoneblock4-zh_tw\resourcepacks\sb4-zh_tw\assets\minimap\lang\zh_tw.json"
"painting","14","14","0","100","C:\Users\sad79\AppData\Roaming\PrismLauncher\instances\FTB StoneBlock 4\minecraft\mods\Apotheosis-1.21.1-8.4.1.jar","E:\stoneblock4-zh_tw\resourcepacks\sb4-zh_tw\assets\painting\lang\zh_tw.json"
"ftbauxilium","13","13","0","100","C:\Users\sad79\AppData\Roaming\PrismLauncher\instances\FTB StoneBlock 4\minecraft\mods\ftb-auxilium-neoforge-21.1.1.jar","E:\stoneblock4-zh_tw\resourcepacks\sb4-zh_tw\assets\ftbauxilium\lang\zh_tw.json"
"gem","13","13","0","100","C:\Users\sad79\AppData\Roaming\PrismLauncher\instances\FTB StoneBlock 4\minecraft\mods\Apotheosis-1.21.1-8.4.1.jar","E:\stoneblock4-zh_tw\resourcepacks\sb4-zh_tw\assets\gem\lang\zh_tw.json"
"holiday","13","13","0","100","C:\Users\sad79\AppData\Roaming\PrismLauncher\instances\FTB StoneBlock 4\minecraft\mods\Mekanism-1.21.1-10.7.17.83.jar","E:\stoneblock4-zh_tw\resourcepacks\sb4-zh_tw\assets\holiday\lang\zh_tw.json"
"ie","13","13","0","100","C:\Users\sad79\AppData\Roaming\PrismLauncher\instances\FTB StoneBlock 4\minecraft\mods\ImmersiveEngineering-1.21.1-12.4.2-194.jar","E:\stoneblock4-zh_tw\resourcepacks\sb4-zh_tw\assets\ie\lang\zh_tw.json"
"lore","13","13","0","100","C:\Users\sad79\AppData\Roaming\PrismLauncher\instances\FTB StoneBlock 4\minecraft\mods\irons_spellbooks-1.21.1-3.15.0.jar","E:\stoneblock4-zh_tw\resourcepacks\sb4-zh_tw\assets\lore\lang\zh_tw.json"
"placement","13","13","0","100","C:\Users\sad79\AppData\Roaming\PrismLauncher\instances\FTB StoneBlock 4\minecraft\mods\create_hypertube-0.3.0-NEOFORGE.jar","E:\stoneblock4-zh_tw\resourcepacks\sb4-zh_tw\assets\placement\lang\zh_tw.json"
"productivebees","13","13","0","100","C:\Users\sad79\AppData\Roaming\PrismLauncher\instances\FTB StoneBlock 4\minecraft\mods\productivemetalworks-1.21.1-1.14.0.jar","E:\stoneblock4-zh_tw\resourcepacks\sb4-zh_tw\assets\productivebees\lang\zh_tw.json"
"robit_skin","13","13","0","100","C:\Users\sad79\AppData\Roaming\PrismLauncher\instances\FTB StoneBlock 4\minecraft\mods\Mekanism-1.21.1-10.7.17.83.jar","E:\stoneblock4-zh_tw\resourcepacks\sb4-zh_tw\assets\robit_skin\lang\zh_tw.json"
"statusbar","13","13","0","100","C:\Users\sad79\AppData\Roaming\PrismLauncher\instances\FTB StoneBlock 4\minecraft\mods\createaddition-1.5.9.jar","E:\stoneblock4-zh_tw\resourcepacks\sb4-zh_tw\assets\statusbar\lang\zh_tw.json"
"tracking_field","13","13","0","100","C:\Users\sad79\AppData\Roaming\PrismLauncher\instances\FTB StoneBlock 4\minecraft\mods\cc-tweaked-1.21.1-forge-1.117.0.jar","E:\stoneblock4-zh_tw\resourcepacks\sb4-zh_tw\assets\tracking_field\lang\zh_tw.json"
"tutorial","13","13","0","100","C:\Users\sad79\AppData\Roaming\PrismLauncher\instances\FTB StoneBlock 4\minecraft\mods\Apotheosis-1.21.1-8.4.1.jar","E:\stoneblock4-zh_tw\resourcepacks\sb4-zh_tw\assets\tutorial\lang\zh_tw.json"
"whirlisprig","13","13","0","100","C:\Users\sad79\AppData\Roaming\PrismLauncher\instances\FTB StoneBlock 4\minecraft\mods\ars_nouveau-1.21.1-5.11.1.jar","E:\stoneblock4-zh_tw\resourcepacks\sb4-zh_tw\assets\whirlisprig\lang\zh_tw.json"
"appmek","12","12","0","100","C:\Users\sad79\AppData\Roaming\PrismLauncher\instances\FTB StoneBlock 4\minecraft\mods\Applied-Mekanistics-1.6.3.jar","E:\stoneblock4-zh_tw\resourcepacks\sb4-zh_tw\assets\appmek\lang\zh_tw.json"
"argument","12","12","0","100","C:\Users\sad79\AppData\Roaming\PrismLauncher\instances\FTB StoneBlock 4\minecraft\mods\cc-tweaked-1.21.1-forge-1.117.0.jar","E:\stoneblock4-zh_tw\resourcepacks\sb4-zh_tw\assets\argument\lang\zh_tw.json"
"configurationtool","12","12","0","100","C:\Users\sad79\AppData\Roaming\PrismLauncher\instances\FTB StoneBlock 4\minecraft\mods\functionalstorage-1.21.1-1.5.5.jar","E:\stoneblock4-zh_tw\resourcepacks\sb4-zh_tw\assets\configurationtool\lang\zh_tw.json"
"constants","12","12","0","100","C:\Users\sad79\AppData\Roaming\PrismLauncher\instances\FTB StoneBlock 4\minecraft\mods\Mekanism-1.21.1-10.7.17.83.jar","E:\stoneblock4-zh_tw\resourcepacks\sb4-zh_tw\assets\constants\lang\zh_tw.json"
"durabilitytooltip","12","12","0","100","C:\Users\sad79\AppData\Roaming\PrismLauncher\instances\FTB StoneBlock 4\minecraft\mods\durabilitytooltip-1.1.6-neoforge-mc1.21.jar","E:\stoneblock4-zh_tw\resourcepacks\sb4-zh_tw\assets\durabilitytooltip\lang\zh_tw.json"
"font","12","12","0","100","C:\Users\sad79\AppData\Roaming\PrismLauncher\instances\FTB StoneBlock 4\minecraft\mods\bookshelf-neoforge-1.21.1-21.1.80.jar","E:\stoneblock4-zh_tw\resourcepacks\sb4-zh_tw\assets\font\lang\zh_tw.json"
"month","12","12","0","100","C:\Users\sad79\AppData\Roaming\PrismLauncher\instances\FTB StoneBlock 4\minecraft\mods\bookshelf-neoforge-1.21.1-21.1.80.jar","E:\stoneblock4-zh_tw\resourcepacks\sb4-zh_tw\assets\month\lang\zh_tw.json"
"permission","12","12","0","100","C:\Users\sad79\AppData\Roaming\PrismLauncher\instances\FTB StoneBlock 4\minecraft\mods\refinedstorage-neoforge-2.0.0.jar","E:\stoneblock4-zh_tw\resourcepacks\sb4-zh_tw\assets\permission\lang\zh_tw.json"
"pipez","12","12","0","100","C:\Users\sad79\AppData\Roaming\PrismLauncher\instances\FTB StoneBlock 4\minecraft\mods\pipez-neoforge-1.21.1-1.2.19.jar","E:\stoneblock4-zh_tw\resourcepacks\sb4-zh_tw\assets\pipez\lang\zh_tw.json"
"security","12","12","0","100","C:\Users\sad79\AppData\Roaming\PrismLauncher\instances\FTB StoneBlock 4\minecraft\mods\Mekanism-1.21.1-10.7.17.83.jar","E:\stoneblock4-zh_tw\resourcepacks\sb4-zh_tw\assets\security\lang\zh_tw.json"
"temperature","12","12","0","100","C:\Users\sad79\AppData\Roaming\PrismLauncher\instances\FTB StoneBlock 4\minecraft\mods\Mekanism-1.21.1-10.7.17.83.jar","E:\stoneblock4-zh_tw\resourcepacks\sb4-zh_tw\assets\temperature\lang\zh_tw.json"
"turtle","12","12","0","100","C:\Users\sad79\AppData\Roaming\PrismLauncher\instances\FTB StoneBlock 4\minecraft\mods\AdvancedPeripherals-1.21.1-0.7.59b.jar","E:\stoneblock4-zh_tw\resourcepacks\sb4-zh_tw\assets\turtle\lang\zh_tw.json"
"apothic_compats","11","11","0","100","C:\Users\sad79\AppData\Roaming\PrismLauncher\instances\FTB StoneBlock 4\minecraft\mods\apothic_compats-0.2.0.3.jar","E:\stoneblock4-zh_tw\resourcepacks\sb4-zh_tw\assets\apothic_compats\lang\zh_tw.json"
"exported_setting","11","11","0","100","C:\Users\sad79\AppData\Roaming\PrismLauncher\instances\FTB StoneBlock 4\minecraft\mods\AdvancedAE-1.6.9-1.21.1.jar","E:\stoneblock4-zh_tw\resourcepacks\sb4-zh_tw\assets\exported_setting\lang\zh_tw.json"
"gateways","11","11","0","100","C:\Users\sad79\AppData\Roaming\PrismLauncher\instances\FTB StoneBlock 4\minecraft\mods\GatewaysToEternity-1.21.1-5.1.0.jar","E:\stoneblock4-zh_tw\resourcepacks\sb4-zh_tw\assets\gateways\lang\zh_tw.json"
"item","11","11","0","100","C:\Users\sad79\AppData\Roaming\PrismLauncher\instances\FTB StoneBlock 4\minecraft\mods\Patchouli-1.21.1-92-NEOFORGE.jar","E:\stoneblock4-zh_tw\resourcepacks\sb4-zh_tw\assets\item\lang\zh_tw.json"
"sounds","11","11","0","100","C:\Users\sad79\AppData\Roaming\PrismLauncher\instances\FTB StoneBlock 4\minecraft\mods\Cognition-v2.4.10-1.21.1.jar","E:\stoneblock4-zh_tw\resourcepacks\sb4-zh_tw\assets\sounds\lang\zh_tw.json"
"wood_name","11","11","0","100","C:\Users\sad79\AppData\Roaming\PrismLauncher\instances\FTB StoneBlock 4\minecraft\mods\sophisticatedstorage-1.21.1-1.5.19.1415.jar","E:\stoneblock4-zh_tw\resourcepacks\sb4-zh_tw\assets\wood_name\lang\zh_tw.json"
"boolean","10","10","0","100","C:\Users\sad79\AppData\Roaming\PrismLauncher\instances\FTB StoneBlock 4\minecraft\mods\Mekanism-1.21.1-10.7.17.83.jar","E:\stoneblock4-zh_tw\resourcepacks\sb4-zh_tw\assets\boolean\lang\zh_tw.json"
"databank","10","10","0","100","C:\Users\sad79\AppData\Roaming\PrismLauncher\instances\FTB StoneBlock 4\minecraft\mods\databank-1.3.0.jar","E:\stoneblock4-zh_tw\resourcepacks\sb4-zh_tw\assets\databank\lang\zh_tw.json"
"dialog","10","10","0","100","C:\Users\sad79\AppData\Roaming\PrismLauncher\instances\FTB StoneBlock 4\minecraft\mods\occultism-1.21.1-neoforge-1.201.0.jar","E:\stoneblock4-zh_tw\resourcepacks\sb4-zh_tw\assets\dialog\lang\zh_tw.json"
"factory","10","10","0","100","C:\Users\sad79\AppData\Roaming\PrismLauncher\instances\FTB StoneBlock 4\minecraft\mods\Mekanism-1.21.1-10.7.17.83.jar","E:\stoneblock4-zh_tw\resourcepacks\sb4-zh_tw\assets\factory\lang\zh_tw.json"
"magic_painting","10","10","0","100","C:\Users\sad79\AppData\Roaming\PrismLauncher\instances\FTB StoneBlock 4\minecraft\mods\twilightforest-1.21.1-4.8.3287-universal.jar","E:\stoneblock4-zh_tw\resourcepacks\sb4-zh_tw\assets\magic_painting\lang\zh_tw.json"
"school","10","10","0","100","C:\Users\sad79\AppData\Roaming\PrismLauncher\instances\FTB StoneBlock 4\minecraft\mods\irons_spellbooks-1.21.1-3.15.0.jar","E:\stoneblock4-zh_tw\resourcepacks\sb4-zh_tw\assets\school\lang\zh_tw.json"
"side_data","10","10","0","100","C:\Users\sad79\AppData\Roaming\PrismLauncher\instances\FTB StoneBlock 4\minecraft\mods\Mekanism-1.21.1-10.7.17.83.jar","E:\stoneblock4-zh_tw\resourcepacks\sb4-zh_tw\assets\side_data\lang\zh_tw.json"
"trim_material","10","10","0","100","C:\Users\sad79\AppData\Roaming\PrismLauncher\instances\FTB StoneBlock 4\minecraft\mods\L_Ender's Cataclysm 1.21.1-3.16.jar","E:\stoneblock4-zh_tw\resourcepacks\sb4-zh_tw\assets\trim_material\lang\zh_tw.json"
"deepdarkdimdungeons","9","9","0","100","C:\Users\sad79\AppData\Roaming\PrismLauncher\instances\FTB StoneBlock 4\minecraft\mods\deepdarkdimdungeons-1.0.jar","E:\stoneblock4-zh_tw\resourcepacks\sb4-zh_tw\assets\deepdarkdimdungeons\lang\zh_tw.json"
"modular_item","9","9","0","100","C:\Users\sad79\AppData\Roaming\PrismLauncher\instances\FTB StoneBlock 4\minecraft\mods\Draconic-Evolution-1.21.1-3.1.4.630.jar","E:\stoneblock4-zh_tw\resourcepacks\sb4-zh_tw\assets\modular_item\lang\zh_tw.json"
"network_reader","9","9","0","100","C:\Users\sad79\AppData\Roaming\PrismLauncher\instances\FTB StoneBlock 4\minecraft\mods\Mekanism-1.21.1-10.7.17.83.jar","E:\stoneblock4-zh_tw\resourcepacks\sb4-zh_tw\assets\network_reader\lang\zh_tw.json"
"pack","9","9","0","100","C:\Users\sad79\AppData\Roaming\PrismLauncher\instances\FTB StoneBlock 4\minecraft\mods\create-central-kitchen-2.2.6.jar","E:\stoneblock4-zh_tw\resourcepacks\sb4-zh_tw\assets\pack\lang\zh_tw.json"
"refinedstorage_jei_integration","9","9","0","100","C:\Users\sad79\AppData\Roaming\PrismLauncher\instances\FTB StoneBlock 4\minecraft\mods\refinedstorage-jei-integration-neoforge-1.0.0.jar","E:\stoneblock4-zh_tw\resourcepacks\sb4-zh_tw\assets\refinedstorage_jei_integration\lang\zh_tw.json"
"torchmaster","9","9","0","100","C:\Users\sad79\AppData\Roaming\PrismLauncher\instances\FTB StoneBlock 4\minecraft\mods\torchmaster-neoforge-1.21.1-21.1.9.jar","E:\stoneblock4-zh_tw\resourcepacks\sb4-zh_tw\assets\torchmaster\lang\zh_tw.json"
"block","8","8","0","100","C:\Users\sad79\AppData\Roaming\PrismLauncher\instances\FTB StoneBlock 4\minecraft\mods\industrialforegoing-1.21-3.6.37.jar","E:\stoneblock4-zh_tw\resourcepacks\sb4-zh_tw\assets\block\lang\zh_tw.json"
"create_hypertube","8","8","0","100","C:\Users\sad79\AppData\Roaming\PrismLauncher\instances\FTB StoneBlock 4\minecraft\mods\create_hypertube-0.3.0-NEOFORGE.jar","E:\stoneblock4-zh_tw\resourcepacks\sb4-zh_tw\assets\create_hypertube\lang\zh_tw.json"
"enderstorage","8","8","0","100","C:\Users\sad79\AppData\Roaming\PrismLauncher\instances\FTB StoneBlock 4\minecraft\mods\EnderStorage-1.21.1-2.13.0.191.jar","E:\stoneblock4-zh_tw\resourcepacks\sb4-zh_tw\assets\enderstorage\lang\zh_tw.json"
"fusion_status","8","8","0","100","C:\Users\sad79\AppData\Roaming\PrismLauncher\instances\FTB StoneBlock 4\minecraft\mods\Draconic-Evolution-1.21.1-3.1.4.630.jar","E:\stoneblock4-zh_tw\resourcepacks\sb4-zh_tw\assets\fusion_status\lang\zh_tw.json"
"mob_category","8","8","0","100","C:\Users\sad79\AppData\Roaming\PrismLauncher\instances\FTB StoneBlock 4\minecraft\mods\ftb-chunks-neoforge-2101.1.13.jar","E:\stoneblock4-zh_tw\resourcepacks\sb4-zh_tw\assets\mob_category\lang\zh_tw.json"
"moon","8","8","0","100","C:\Users\sad79\AppData\Roaming\PrismLauncher\instances\FTB StoneBlock 4\minecraft\mods\bookshelf-neoforge-1.21.1-21.1.80.jar","E:\stoneblock4-zh_tw\resourcepacks\sb4-zh_tw\assets\moon\lang\zh_tw.json"
"shieldsplus","8","8","0","100","C:\Users\sad79\AppData\Roaming\PrismLauncher\instances\FTB StoneBlock 4\minecraft\mods\enchdesc-neoforge-1.21.1-21.1.9.jar","E:\stoneblock4-zh_tw\resourcepacks\sb4-zh_tw\assets\shieldsplus\lang\zh_tw.json"
"storageupgrade","8","8","0","100","C:\Users\sad79\AppData\Roaming\PrismLauncher\instances\FTB StoneBlock 4\minecraft\mods\functionalstorage-1.21.1-1.5.5.jar","E:\stoneblock4-zh_tw\resourcepacks\sb4-zh_tw\assets\storageupgrade\lang\zh_tw.json"
"universalgrid","8","8","0","100","C:\Users\sad79\AppData\Roaming\PrismLauncher\instances\FTB StoneBlock 4\minecraft\mods\universalgrid-neoforge-1.21.1-0.2.4.jar","E:\stoneblock4-zh_tw\resourcepacks\sb4-zh_tw\assets\universalgrid\lang\zh_tw.json"
"assemblicator","7","7","0","100","C:\Users\sad79\AppData\Roaming\PrismLauncher\instances\FTB StoneBlock 4\minecraft\mods\Mekanism-1.21.1-10.7.17.83.jar","E:\stoneblock4-zh_tw\resourcepacks\sb4-zh_tw\assets\assemblicator\lang\zh_tw.json"
"day","7","7","0","100","C:\Users\sad79\AppData\Roaming\PrismLauncher\instances\FTB StoneBlock 4\minecraft\mods\bookshelf-neoforge-1.21.1-21.1.80.jar","E:\stoneblock4-zh_tw\resourcepacks\sb4-zh_tw\assets\day\lang\zh_tw.json"
"debug","7","7","0","100","C:\Users\sad79\AppData\Roaming\PrismLauncher\instances\FTB StoneBlock 4\minecraft\mods\occultism-1.21.1-neoforge-1.201.0.jar","E:\stoneblock4-zh_tw\resourcepacks\sb4-zh_tw\assets\debug\lang\zh_tw.json"
"divining_rod","7","7","0","100","C:\Users\sad79\AppData\Roaming\PrismLauncher\instances\FTB StoneBlock 4\minecraft\mods\ProjectE-1.21.1-PE1.1.0.jar","E:\stoneblock4-zh_tw\resourcepacks\sb4-zh_tw\assets\divining_rod\lang\zh_tw.json"
"effect_description","7","7","0","100","C:\Users\sad79\AppData\Roaming\PrismLauncher\instances\FTB StoneBlock 4\minecraft\mods\fdbosses-3.0.1-1.21.1.jar","E:\stoneblock4-zh_tw\resourcepacks\sb4-zh_tw\assets\effect_description\lang\zh_tw.json"
"label","7","7","0","100","C:\Users\sad79\AppData\Roaming\PrismLauncher\instances\FTB StoneBlock 4\minecraft\mods\FramedBlocks-10.5.1.jar","E:\stoneblock4-zh_tw\resourcepacks\sb4-zh_tw\assets\label\lang\zh_tw.json"
"logistical_sorter","7","7","0","100","C:\Users\sad79\AppData\Roaming\PrismLauncher\instances\FTB StoneBlock 4\minecraft\mods\Mekanism-1.21.1-10.7.17.83.jar","E:\stoneblock4-zh_tw\resourcepacks\sb4-zh_tw\assets\logistical_sorter\lang\zh_tw.json"
"mekanismcurios","7","7","0","100","C:\Users\sad79\AppData\Roaming\PrismLauncher\instances\FTB StoneBlock 4\minecraft\mods\mekanismcurios-1.21.1-1.2.1.jar","E:\stoneblock4-zh_tw\resourcepacks\sb4-zh_tw\assets\mekanismcurios\lang\zh_tw.json"
"modifier","7","7","0","100","C:\Users\sad79\AppData\Roaming\PrismLauncher\instances\FTB StoneBlock 4\minecraft\mods\Apotheosis-1.21.1-8.4.1.jar","E:\stoneblock4-zh_tw\resourcepacks\sb4-zh_tw\assets\modifier\lang\zh_tw.json"
"toolbelt","7","7","0","100","C:\Users\sad79\AppData\Roaming\PrismLauncher\instances\FTB StoneBlock 4\minecraft\mods\ToolBelt-1.21.1-2.2.7.jar","E:\stoneblock4-zh_tw\resourcepacks\sb4-zh_tw\assets\toolbelt\lang\zh_tw.json"
"ae2things","6","6","0","100","C:\Users\sad79\AppData\Roaming\PrismLauncher\instances\FTB StoneBlock 4\minecraft\mods\AE2-Things-1.4.2-beta.jar","E:\stoneblock4-zh_tw\resourcepacks\sb4-zh_tw\assets\ae2things\lang\zh_tw.json"
"almostunified","6","6","0","100","C:\Users\sad79\AppData\Roaming\PrismLauncher\instances\FTB StoneBlock 4\minecraft\mods\almostunified-neoforge-1.21.1-1.3.0.jar","E:\stoneblock4-zh_tw\resourcepacks\sb4-zh_tw\assets\almostunified\lang\zh_tw.json"
"boss","6","6","0","100","C:\Users\sad79\AppData\Roaming\PrismLauncher\instances\FTB StoneBlock 4\minecraft\mods\GatewaysToEternity-1.21.1-5.1.0.jar","E:\stoneblock4-zh_tw\resourcepacks\sb4-zh_tw\assets\boss\lang\zh_tw.json"
"drawer","6","6","0","100","C:\Users\sad79\AppData\Roaming\PrismLauncher\instances\FTB StoneBlock 4\minecraft\mods\functionalstorage-1.21.1-1.5.5.jar","E:\stoneblock4-zh_tw\resourcepacks\sb4-zh_tw\assets\drawer\lang\zh_tw.json"
"equipment","6","6","0","100","C:\Users\sad79\AppData\Roaming\PrismLauncher\instances\FTB StoneBlock 4\minecraft\mods\Mekanism-1.21.1-10.7.17.83.jar","E:\stoneblock4-zh_tw\resourcepacks\sb4-zh_tw\assets\equipment\lang\zh_tw.json"
"format","6","6","0","100","C:\Users\sad79\AppData\Roaming\PrismLauncher\instances\FTB StoneBlock 4\minecraft\mods\bookshelf-neoforge-1.21.1-21.1.80.jar","E:\stoneblock4-zh_tw\resourcepacks\sb4-zh_tw\assets\format\lang\zh_tw.json"
"hypertube","6","6","0","100","C:\Users\sad79\AppData\Roaming\PrismLauncher\instances\FTB StoneBlock 4\minecraft\mods\create_hypertube-0.3.0-NEOFORGE.jar","E:\stoneblock4-zh_tw\resourcepacks\sb4-zh_tw\assets\hypertube\lang\zh_tw.json"
"mod","6","6","0","100","C:\Users\sad79\AppData\Roaming\PrismLauncher\instances\FTB StoneBlock 4\minecraft\mods\cabletiers-neoforge-1.21.1-0.6.9.jar","E:\stoneblock4-zh_tw\resourcepacks\sb4-zh_tw\assets\mod\lang\zh_tw.json"
"neoforge","6","6","0","100","C:\Users\sad79\AppData\Roaming\PrismLauncher\instances\FTB StoneBlock 4\minecraft\mods\ApothicAttributes-1.21.1-2.9.0.jar","E:\stoneblock4-zh_tw\resourcepacks\sb4-zh_tw\assets\neoforge\lang\zh_tw.json"
"purity","6","6","0","100","C:\Users\sad79\AppData\Roaming\PrismLauncher\instances\FTB StoneBlock 4\minecraft\mods\Apotheosis-1.21.1-8.4.1.jar","E:\stoneblock4-zh_tw\resourcepacks\sb4-zh_tw\assets\purity\lang\zh_tw.json"
"refinedstorage_quartz_arsenal","6","6","0","100","C:\Users\sad79\AppData\Roaming\PrismLauncher\instances\FTB StoneBlock 4\minecraft\mods\refinedstorage-quartz-arsenal-neoforge-1.0.6.jar","E:\stoneblock4-zh_tw\resourcepacks\sb4-zh_tw\assets\refinedstorage_quartz_arsenal\lang\zh_tw.json"
"side","6","6","0","100","C:\Users\sad79\AppData\Roaming\PrismLauncher\instances\FTB StoneBlock 4\minecraft\mods\Mekanism-1.21.1-10.7.17.83.jar","E:\stoneblock4-zh_tw\resourcepacks\sb4-zh_tw\assets\side\lang\zh_tw.json"
"time_watch","6","6","0","100","C:\Users\sad79\AppData\Roaming\PrismLauncher\instances\FTB StoneBlock 4\minecraft\mods\ProjectE-1.21.1-PE1.1.0.jar","E:\stoneblock4-zh_tw\resourcepacks\sb4-zh_tw\assets\time_watch\lang\zh_tw.json"
"toast","6","6","0","100","C:\Users\sad79\AppData\Roaming\PrismLauncher\instances\FTB StoneBlock 4\minecraft\mods\Jade-1.21.1-NeoForge-15.10.3.jar","E:\stoneblock4-zh_tw\resourcepacks\sb4-zh_tw\assets\toast\lang\zh_tw.json"
"wood_type","6","6","0","100","C:\Users\sad79\AppData\Roaming\PrismLauncher\instances\FTB StoneBlock 4\minecraft\mods\moonlight-1.21-2.29.4-neoforge.jar","E:\stoneblock4-zh_tw\resourcepacks\sb4-zh_tw\assets\wood_type\lang\zh_tw.json"
"access","5","5","0","100","C:\Users\sad79\AppData\Roaming\PrismLauncher\instances\FTB StoneBlock 4\minecraft\mods\tempad-1.21.1-3.0.4-all.jar","E:\stoneblock4-zh_tw\resourcepacks\sb4-zh_tw\assets\access\lang\zh_tw.json"
"capacity","5","5","0","100","C:\Users\sad79\AppData\Roaming\PrismLauncher\instances\FTB StoneBlock 4\minecraft\mods\Mekanism-1.21.1-10.7.17.83.jar","E:\stoneblock4-zh_tw\resourcepacks\sb4-zh_tw\assets\capacity\lang\zh_tw.json"
"cardboard_box","5","5","0","100","C:\Users\sad79\AppData\Roaming\PrismLauncher\instances\FTB StoneBlock 4\minecraft\mods\Mekanism-1.21.1-10.7.17.83.jar","E:\stoneblock4-zh_tw\resourcepacks\sb4-zh_tw\assets\cardboard_box\lang\zh_tw.json"
"configuration_card","5","5","0","100","C:\Users\sad79\AppData\Roaming\PrismLauncher\instances\FTB StoneBlock 4\minecraft\mods\Mekanism-1.21.1-10.7.17.83.jar","E:\stoneblock4-zh_tw\resourcepacks\sb4-zh_tw\assets\configuration_card\lang\zh_tw.json"
"cos","5","5","0","100","C:\Users\sad79\AppData\Roaming\PrismLauncher\instances\FTB StoneBlock 4\minecraft\mods\cosmeticarmorreworked-1.21.1-v1-neoforge.jar","E:\stoneblock4-zh_tw\resourcepacks\sb4-zh_tw\assets\cos\lang\zh_tw.json"
"energy","5","5","0","100","C:\Users\sad79\AppData\Roaming\PrismLauncher\instances\FTB StoneBlock 4\minecraft\mods\Mekanism-1.21.1-10.7.17.83.jar","E:\stoneblock4-zh_tw\resourcepacks\sb4-zh_tw\assets\energy\lang\zh_tw.json"
"fml","5","5","0","100","C:\Users\sad79\AppData\Roaming\PrismLauncher\instances\FTB StoneBlock 4\minecraft\mods\appleskin-neoforge-mc1.21-3.0.7.jar","E:\stoneblock4-zh_tw\resourcepacks\sb4-zh_tw\assets\fml\lang\zh_tw.json"
"globe","5","5","0","100","C:\Users\sad79\AppData\Roaming\PrismLauncher\instances\FTB StoneBlock 4\minecraft\mods\supplementaries-1.21-3.5.16-neoforge.jar","E:\stoneblock4-zh_tw\resourcepacks\sb4-zh_tw\assets\globe\lang\zh_tw.json"
"item_group","5","5","0","100","C:\Users\sad79\AppData\Roaming\PrismLauncher\instances\FTB StoneBlock 4\minecraft\mods\create-shimmer-1.2.7.jar","E:\stoneblock4-zh_tw\resourcepacks\sb4-zh_tw\assets\item_group\lang\zh_tw.json"
"jetpack","5","5","0","100","C:\Users\sad79\AppData\Roaming\PrismLauncher\instances\FTB StoneBlock 4\minecraft\mods\Mekanism-1.21.1-10.7.17.83.jar","E:\stoneblock4-zh_tw\resourcepacks\sb4-zh_tw\assets\jetpack\lang\zh_tw.json"
"me_beam_former","5","5","0","100","C:\Users\sad79\AppData\Roaming\PrismLauncher\instances\FTB StoneBlock 4\minecraft\mods\me_beam_former-1.21.1-1.2.2.jar","E:\stoneblock4-zh_tw\resourcepacks\sb4-zh_tw\assets\me_beam_former\lang\zh_tw.json"
"option","5","5","0","100","C:\Users\sad79\AppData\Roaming\PrismLauncher\instances\FTB StoneBlock 4\minecraft\mods\cloth-config-15.0.140-neoforge.jar","E:\stoneblock4-zh_tw\resourcepacks\sb4-zh_tw\assets\option\lang\zh_tw.json"
"placebo","5","5","0","100","C:\Users\sad79\AppData\Roaming\PrismLauncher\instances\FTB StoneBlock 4\minecraft\mods\Placebo-1.21.1-9.9.1.jar","E:\stoneblock4-zh_tw\resourcepacks\sb4-zh_tw\assets\placebo\lang\zh_tw.json"
"pocket","5","5","0","100","C:\Users\sad79\AppData\Roaming\PrismLauncher\instances\FTB StoneBlock 4\minecraft\mods\AdvancedPeripherals-1.21.1-0.7.59b.jar","E:\stoneblock4-zh_tw\resourcepacks\sb4-zh_tw\assets\pocket\lang\zh_tw.json"
"transfer_labels","5","5","0","100","C:\Users\sad79\AppData\Roaming\PrismLauncher\instances\FTB StoneBlock 4\minecraft\mods\transfer_labels-0.1.7.jar","E:\stoneblock4-zh_tw\resourcepacks\sb4-zh_tw\assets\transfer_labels\lang\zh_tw.json"
"transmission","5","5","0","100","C:\Users\sad79\AppData\Roaming\PrismLauncher\instances\FTB StoneBlock 4\minecraft\mods\Mekanism-1.21.1-10.7.17.83.jar","E:\stoneblock4-zh_tw\resourcepacks\sb4-zh_tw\assets\transmission\lang\zh_tw.json"
"utility","5","5","0","100","C:\Users\sad79\AppData\Roaming\PrismLauncher\instances\FTB StoneBlock 4\minecraft\mods\functionalstorage-1.21.1-1.5.5.jar","E:\stoneblock4-zh_tw\resourcepacks\sb4-zh_tw\assets\utility\lang\zh_tw.json"
"appmode","4","4","0","100","C:\Users\sad79\AppData\Roaming\PrismLauncher\instances\FTB StoneBlock 4\minecraft\mods\GatewaysToEternity-1.21.1-5.1.0.jar","E:\stoneblock4-zh_tw\resourcepacks\sb4-zh_tw\assets\appmode\lang\zh_tw.json"
"betterarcheology","4","4","0","100","C:\Users\sad79\AppData\Roaming\PrismLauncher\instances\FTB StoneBlock 4\minecraft\mods\enchdesc-neoforge-1.21.1-21.1.9.jar","E:\stoneblock4-zh_tw\resourcepacks\sb4-zh_tw\assets\betterarcheology\lang\zh_tw.json"
"connection","4","4","0","100","C:\Users\sad79\AppData\Roaming\PrismLauncher\instances\FTB StoneBlock 4\minecraft\mods\Mekanism-1.21.1-10.7.17.83.jar","E:\stoneblock4-zh_tw\resourcepacks\sb4-zh_tw\assets\connection\lang\zh_tw.json"
"create_sa","4","4","0","100","C:\Users\sad79\AppData\Roaming\PrismLauncher\instances\FTB StoneBlock 4\minecraft\mods\enchdesc-neoforge-1.21.1-21.1.9.jar","E:\stoneblock4-zh_tw\resourcepacks\sb4-zh_tw\assets\create_sa\lang\zh_tw.json"
"failure","4","4","0","100","C:\Users\sad79\AppData\Roaming\PrismLauncher\instances\FTB StoneBlock 4\minecraft\mods\GatewaysToEternity-1.21.1-5.1.0.jar","E:\stoneblock4-zh_tw\resourcepacks\sb4-zh_tw\assets\failure\lang\zh_tw.json"
"free_runner","4","4","0","100","C:\Users\sad79\AppData\Roaming\PrismLauncher\instances\FTB StoneBlock 4\minecraft\mods\Mekanism-1.21.1-10.7.17.83.jar","E:\stoneblock4-zh_tw\resourcepacks\sb4-zh_tw\assets\free_runner\lang\zh_tw.json"
"marker","4","4","0","100","C:\Users\sad79\AppData\Roaming\PrismLauncher\instances\FTB StoneBlock 4\minecraft\mods\tempad-1.21.1-3.0.4-all.jar","E:\stoneblock4-zh_tw\resourcepacks\sb4-zh_tw\assets\marker\lang\zh_tw.json"
"prosperity_amulet","4","4","0","100","C:\Users\sad79\AppData\Roaming\PrismLauncher\instances\FTB StoneBlock 4\minecraft\mods\magic_coins-1.0.9.jar","E:\stoneblock4-zh_tw\resourcepacks\sb4-zh_tw\assets\prosperity_amulet\lang\zh_tw.json"
"provider","4","4","0","100","C:\Users\sad79\AppData\Roaming\PrismLauncher\instances\FTB StoneBlock 4\minecraft\mods\tempad-1.21.1-3.0.4-all.jar","E:\stoneblock4-zh_tw\resourcepacks\sb4-zh_tw\assets\provider\lang\zh_tw.json"
"redstone_control","4","4","0","100","C:\Users\sad79\AppData\Roaming\PrismLauncher\instances\FTB StoneBlock 4\minecraft\mods\Mekanism-1.21.1-10.7.17.83.jar","E:\stoneblock4-zh_tw\resourcepacks\sb4-zh_tw\assets\redstone_control\lang\zh_tw.json"
"rsinfinitybooster","4","4","0","100","C:\Users\sad79\AppData\Roaming\PrismLauncher\instances\FTB StoneBlock 4\minecraft\mods\rsinfinitybooster-neoforge-1.21.1-1.0.0.48.jar","E:\stoneblock4-zh_tw\resourcepacks\sb4-zh_tw\assets\rsinfinitybooster\lang\zh_tw.json"
"sps","4","4","0","100","C:\Users\sad79\AppData\Roaming\PrismLauncher\instances\FTB StoneBlock 4\minecraft\mods\Mekanism-1.21.1-10.7.17.83.jar","E:\stoneblock4-zh_tw\resourcepacks\sb4-zh_tw\assets\sps\lang\zh_tw.json"
"tab","4","4","0","100","C:\Users\sad79\AppData\Roaming\PrismLauncher\instances\FTB StoneBlock 4\minecraft\mods\Mekanism-1.21.1-10.7.17.83.jar","E:\stoneblock4-zh_tw\resourcepacks\sb4-zh_tw\assets\tab\lang\zh_tw.json"
"tag_display","4","4","0","100","C:\Users\sad79\AppData\Roaming\PrismLauncher\instances\FTB StoneBlock 4\minecraft\mods\ExtendedAE-1.21-2.2.27-neoforge.jar","E:\stoneblock4-zh_tw\resourcepacks\sb4-zh_tw\assets\tag_display\lang\zh_tw.json"
"tech_level","4","4","0","100","C:\Users\sad79\AppData\Roaming\PrismLauncher\instances\FTB StoneBlock 4\minecraft\mods\Draconic-Evolution-1.21.1-3.1.4.630.jar","E:\stoneblock4-zh_tw\resourcepacks\sb4-zh_tw\assets\tech_level\lang\zh_tw.json"
"teleporter","4","4","0","100","C:\Users\sad79\AppData\Roaming\PrismLauncher\instances\FTB StoneBlock 4\minecraft\mods\Mekanism-1.21.1-10.7.17.83.jar","E:\stoneblock4-zh_tw\resourcepacks\sb4-zh_tw\assets\teleporter\lang\zh_tw.json"
"anchor_type","3","3","0","100","C:\Users\sad79\AppData\Roaming\PrismLauncher\instances\FTB StoneBlock 4\minecraft\mods\Mekanism-1.21.1-10.7.17.83.jar","E:\stoneblock4-zh_tw\resourcepacks\sb4-zh_tw\assets\anchor_type\lang\zh_tw.json"
"auto","3","3","0","100","C:\Users\sad79\AppData\Roaming\PrismLauncher\instances\FTB StoneBlock 4\minecraft\mods\Mekanism-1.21.1-10.7.17.83.jar","E:\stoneblock4-zh_tw\resourcepacks\sb4-zh_tw\assets\auto\lang\zh_tw.json"
"axis","3","3","0","100","C:\Users\sad79\AppData\Roaming\PrismLauncher\instances\FTB StoneBlock 4\minecraft\mods\betterblockz-0.2.5-1.21.1-neoforge.jar","E:\stoneblock4-zh_tw\resourcepacks\sb4-zh_tw\assets\axis\lang\zh_tw.json"
"chemical_mode","3","3","0","100","C:\Users\sad79\AppData\Roaming\PrismLauncher\instances\FTB StoneBlock 4\minecraft\mods\Mekanism-1.21.1-10.7.17.83.jar","E:\stoneblock4-zh_tw\resourcepacks\sb4-zh_tw\assets\chemical_mode\lang\zh_tw.json"
"condensentrator","3","3","0","100","C:\Users\sad79\AppData\Roaming\PrismLauncher\instances\FTB StoneBlock 4\minecraft\mods\Mekanism-1.21.1-10.7.17.83.jar","E:\stoneblock4-zh_tw\resourcepacks\sb4-zh_tw\assets\condensentrator\lang\zh_tw.json"
"createshimmer","3","3","0","100","C:\Users\sad79\AppData\Roaming\PrismLauncher\instances\FTB StoneBlock 4\minecraft\mods\create-shimmer-1.2.7.jar","E:\stoneblock4-zh_tw\resourcepacks\sb4-zh_tw\assets\createshimmer\lang\zh_tw.json"
"dimension_type","3","3","0","100","C:\Users\sad79\AppData\Roaming\PrismLauncher\instances\FTB StoneBlock 4\minecraft\mods\occultism-1.21.1-neoforge-1.201.0.jar","E:\stoneblock4-zh_tw\resourcepacks\sb4-zh_tw\assets\dimension_type\lang\zh_tw.json"
"evaporation","3","3","0","100","C:\Users\sad79\AppData\Roaming\PrismLauncher\instances\FTB StoneBlock 4\minecraft\mods\Mekanism-1.21.1-10.7.17.83.jar","E:\stoneblock4-zh_tw\resourcepacks\sb4-zh_tw\assets\evaporation\lang\zh_tw.json"
"fluid_container","3","3","0","100","C:\Users\sad79\AppData\Roaming\PrismLauncher\instances\FTB StoneBlock 4\minecraft\mods\Mekanism-1.21.1-10.7.17.83.jar","E:\stoneblock4-zh_tw\resourcepacks\sb4-zh_tw\assets\fluid_container\lang\zh_tw.json"
"frequency","3","3","0","100","C:\Users\sad79\AppData\Roaming\PrismLauncher\instances\FTB StoneBlock 4\minecraft\mods\Mekanism-1.21.1-10.7.17.83.jar","E:\stoneblock4-zh_tw\resourcepacks\sb4-zh_tw\assets\frequency\lang\zh_tw.json"
"functionalupgrade","3","3","0","100","C:\Users\sad79\AppData\Roaming\PrismLauncher\instances\FTB StoneBlock 4\minecraft\mods\functionalstorage-1.21.1-1.5.5.jar","E:\stoneblock4-zh_tw\resourcepacks\sb4-zh_tw\assets\functionalupgrade\lang\zh_tw.json"
"grapplemod","3","3","0","100","C:\Users\sad79\AppData\Roaming\PrismLauncher\instances\FTB StoneBlock 4\minecraft\mods\enchdesc-neoforge-1.21.1-21.1.9.jar","E:\stoneblock4-zh_tw\resourcepacks\sb4-zh_tw\assets\grapplemod\lang\zh_tw.json"
"laser_amplifier","3","3","0","100","C:\Users\sad79\AppData\Roaming\PrismLauncher\instances\FTB StoneBlock 4\minecraft\mods\Mekanism-1.21.1-10.7.17.83.jar","E:\stoneblock4-zh_tw\resourcepacks\sb4-zh_tw\assets\laser_amplifier\lang\zh_tw.json"
"menu","3","3","0","100","C:\Users\sad79\AppData\Roaming\PrismLauncher\instances\FTB StoneBlock 4\minecraft\mods\Apotheosis-1.21.1-8.4.1.jar","E:\stoneblock4-zh_tw\resourcepacks\sb4-zh_tw\assets\menu\lang\zh_tw.json"
"owner","3","3","0","100","C:\Users\sad79\AppData\Roaming\PrismLauncher\instances\FTB StoneBlock 4\minecraft\mods\Mekanism-1.21.1-10.7.17.83.jar","E:\stoneblock4-zh_tw\resourcepacks\sb4-zh_tw\assets\owner\lang\zh_tw.json"
"relocation","3","3","0","100","C:\Users\sad79\AppData\Roaming\PrismLauncher\instances\FTB StoneBlock 4\minecraft\mods\Replication-1.21.1-1.2.6.jar","E:\stoneblock4-zh_tw\resourcepacks\sb4-zh_tw\assets\relocation\lang\zh_tw.json"
"result","3","3","0","100","C:\Users\sad79\AppData\Roaming\PrismLauncher\instances\FTB StoneBlock 4\minecraft\mods\Lychee-1.21.1-NeoForge-6.4.2.jar","E:\stoneblock4-zh_tw\resourcepacks\sb4-zh_tw\assets\result\lang\zh_tw.json"
"seismic_reader","3","3","0","100","C:\Users\sad79\AppData\Roaming\PrismLauncher\instances\FTB StoneBlock 4\minecraft\mods\Mekanism-1.21.1-10.7.17.83.jar","E:\stoneblock4-zh_tw\resourcepacks\sb4-zh_tw\assets\seismic_reader\lang\zh_tw.json"
"test","3","3","0","100","C:\Users\sad79\AppData\Roaming\PrismLauncher\instances\FTB StoneBlock 4\minecraft\mods\fzzy_config-0.7.4+1.21+neoforge.jar","E:\stoneblock4-zh_tw\resourcepacks\sb4-zh_tw\assets\test\lang\zh_tw.json"
"translation","3","3","0","100","C:\Users\sad79\AppData\Roaming\PrismLauncher\instances\FTB StoneBlock 4\minecraft\mods\justenoughbreeding-neoforge-1.21-1.21.1-1.6.2.jar","E:\stoneblock4-zh_tw\resourcepacks\sb4-zh_tw\assets\translation\lang\zh_tw.json"
"trinkets","3","3","0","100","C:\Users\sad79\AppData\Roaming\PrismLauncher\instances\FTB StoneBlock 4\minecraft\mods\supplementaries-1.21-3.5.16-neoforge.jar","E:\stoneblock4-zh_tw\resourcepacks\sb4-zh_tw\assets\trinkets\lang\zh_tw.json"
"upgrade_group","3","3","0","100","C:\Users\sad79\AppData\Roaming\PrismLauncher\instances\FTB StoneBlock 4\minecraft\mods\sophisticatedcore-1.21.1-1.3.100.1348.jar","E:\stoneblock4-zh_tw\resourcepacks\sb4-zh_tw\assets\upgrade_group\lang\zh_tw.json"
"weather","3","3","0","100","C:\Users\sad79\AppData\Roaming\PrismLauncher\instances\FTB StoneBlock 4\minecraft\mods\Lychee-1.21.1-NeoForge-6.4.2.jar","E:\stoneblock4-zh_tw\resourcepacks\sb4-zh_tw\assets\weather\lang\zh_tw.json"
"wireless","3","3","0","100","C:\Users\sad79\AppData\Roaming\PrismLauncher\instances\FTB StoneBlock 4\minecraft\mods\ExtendedAE-1.21-2.2.27-neoforge.jar","E:\stoneblock4-zh_tw\resourcepacks\sb4-zh_tw\assets\wireless\lang\zh_tw.json"
"alert","2","2","0","100","C:\Users\sad79\AppData\Roaming\PrismLauncher\instances\FTB StoneBlock 4\minecraft\mods\ars_nouveau-1.21.1-5.11.1.jar","E:\stoneblock4-zh_tw\resourcepacks\sb4-zh_tw\assets\alert\lang\zh_tw.json"
"asynclocator","2","2","0","100","C:\Users\sad79\AppData\Roaming\PrismLauncher\instances\FTB StoneBlock 4\minecraft\mods\modernfix-neoforge-5.25.1+mc1.21.1.jar","E:\stoneblock4-zh_tw\resourcepacks\sb4-zh_tw\assets\asynclocator\lang\zh_tw.json"
"bcc","2","2","0","100","C:\Users\sad79\AppData\Roaming\PrismLauncher\instances\FTB StoneBlock 4\minecraft\mods\better-compatability-checker-neoforge-21.1.8.jar","E:\stoneblock4-zh_tw\resourcepacks\sb4-zh_tw\assets\bcc\lang\zh_tw.json"
"conversion","2","2","0","100","C:\Users\sad79\AppData\Roaming\PrismLauncher\instances\FTB StoneBlock 4\minecraft\mods\Mekanism-1.21.1-10.7.17.83.jar","E:\stoneblock4-zh_tw\resourcepacks\sb4-zh_tw\assets\conversion\lang\zh_tw.json"
"crafting_formula","2","2","0","100","C:\Users\sad79\AppData\Roaming\PrismLauncher\instances\FTB StoneBlock 4\minecraft\mods\Mekanism-1.21.1-10.7.17.83.jar","E:\stoneblock4-zh_tw\resourcepacks\sb4-zh_tw\assets\crafting_formula\lang\zh_tw.json"
"deeperdarker","2","2","0","100","C:\Users\sad79\AppData\Roaming\PrismLauncher\instances\FTB StoneBlock 4\minecraft\mods\enchdesc-neoforge-1.21.1-21.1.9.jar","E:\stoneblock4-zh_tw\resourcepacks\sb4-zh_tw\assets\deeperdarker\lang\zh_tw.json"
"disassembler","2","2","0","100","C:\Users\sad79\AppData\Roaming\PrismLauncher\instances\FTB StoneBlock 4\minecraft\mods\Mekanism-1.21.1-10.7.17.83.jar","E:\stoneblock4-zh_tw\resourcepacks\sb4-zh_tw\assets\disassembler\lang\zh_tw.json"
"dummmmmmy","2","2","0","100","C:\Users\sad79\AppData\Roaming\PrismLauncher\instances\FTB StoneBlock 4\minecraft\mods\dummmmmmy-1.21-2.0.11-neoforge.jar","E:\stoneblock4-zh_tw\resourcepacks\sb4-zh_tw\assets\dummmmmmy\lang\zh_tw.json"
"endlessbiomes","2","2","0","100","C:\Users\sad79\AppData\Roaming\PrismLauncher\instances\FTB StoneBlock 4\minecraft\mods\enchdesc-neoforge-1.21.1-21.1.9.jar","E:\stoneblock4-zh_tw\resourcepacks\sb4-zh_tw\assets\endlessbiomes\lang\zh_tw.json"
"entityculling","2","2","0","100","C:\Users\sad79\AppData\Roaming\PrismLauncher\instances\FTB StoneBlock 4\minecraft\mods\entityculling-neoforge-1.9.5-mc1.21.1.jar","E:\stoneblock4-zh_tw\resourcepacks\sb4-zh_tw\assets\entityculling\lang\zh_tw.json"
"explorerscompass","2","2","0","100","C:\Users\sad79\AppData\Roaming\PrismLauncher\instances\FTB StoneBlock 4\minecraft\mods\explorerscompass-edited-1.21.1-3.0.3-neoforge.jar","E:\stoneblock4-zh_tw\resourcepacks\sb4-zh_tw\assets\explorerscompass\lang\zh_tw.json"
"fusion_inj","2","2","0","100","C:\Users\sad79\AppData\Roaming\PrismLauncher\instances\FTB StoneBlock 4\minecraft\mods\Draconic-Evolution-1.21.1-3.1.4.630.jar","E:\stoneblock4-zh_tw\resourcepacks\sb4-zh_tw\assets\fusion_inj\lang\zh_tw.json"
"item_dislocate","2","2","0","100","C:\Users\sad79\AppData\Roaming\PrismLauncher\instances\FTB StoneBlock 4\minecraft\mods\Draconic-Evolution-1.21.1-3.1.4.630.jar","E:\stoneblock4-zh_tw\resourcepacks\sb4-zh_tw\assets\item_dislocate\lang\zh_tw.json"
"language","2","2","0","100","C:\Users\sad79\AppData\Roaming\PrismLauncher\instances\FTB StoneBlock 4\minecraft\mods\ImmersiveEngineering-1.21.1-12.4.2-194.jar","E:\stoneblock4-zh_tw\resourcepacks\sb4-zh_tw\assets\language\lang\zh_tw.json"
"leaves_type","2","2","0","100","C:\Users\sad79\AppData\Roaming\PrismLauncher\instances\FTB StoneBlock 4\minecraft\mods\moonlight-1.21-2.29.4-neoforge.jar","E:\stoneblock4-zh_tw\resourcepacks\sb4-zh_tw\assets\leaves_type\lang\zh_tw.json"
"location","2","2","0","100","C:\Users\sad79\AppData\Roaming\PrismLauncher\instances\FTB StoneBlock 4\minecraft\mods\tempad-1.21.1-3.0.4-all.jar","E:\stoneblock4-zh_tw\resourcepacks\sb4-zh_tw\assets\location\lang\zh_tw.json"
"locations","2","2","0","100","C:\Users\sad79\AppData\Roaming\PrismLauncher\instances\FTB StoneBlock 4\minecraft\mods\tempad-1.21.1-3.0.4-all.jar","E:\stoneblock4-zh_tw\resourcepacks\sb4-zh_tw\assets\locations\lang\zh_tw.json"
"macro","2","2","0","100","C:\Users\sad79\AppData\Roaming\PrismLauncher\instances\FTB StoneBlock 4\minecraft\mods\tempad-1.21.1-3.0.4-all.jar","E:\stoneblock4-zh_tw\resourcepacks\sb4-zh_tw\assets\macro\lang\zh_tw.json"
"oredictionificator","2","2","0","100","C:\Users\sad79\AppData\Roaming\PrismLauncher\instances\FTB StoneBlock 4\minecraft\mods\Mekanism-1.21.1-10.7.17.83.jar","E:\stoneblock4-zh_tw\resourcepacks\sb4-zh_tw\assets\oredictionificator\lang\zh_tw.json"
"packaged_device","2","2","0","100","C:\Users\sad79\AppData\Roaming\PrismLauncher\instances\FTB StoneBlock 4\minecraft\mods\ExtendedAE-1.21-2.2.27-neoforge.jar","E:\stoneblock4-zh_tw\resourcepacks\sb4-zh_tw\assets\packaged_device\lang\zh_tw.json"
"pattern_view","2","2","0","100","C:\Users\sad79\AppData\Roaming\PrismLauncher\instances\FTB StoneBlock 4\minecraft\mods\ExtendedAE-1.21-2.2.27-neoforge.jar","E:\stoneblock4-zh_tw\resourcepacks\sb4-zh_tw\assets\pattern_view\lang\zh_tw.json"
"player","2","2","0","100","C:\Users\sad79\AppData\Roaming\PrismLauncher\instances\FTB StoneBlock 4\minecraft\mods\artifacts-neoforge-13.1.0.jar","E:\stoneblock4-zh_tw\resourcepacks\sb4-zh_tw\assets\player\lang\zh_tw.json"
"rewards","2","2","0","100","C:\Users\sad79\AppData\Roaming\PrismLauncher\instances\FTB StoneBlock 4\minecraft\mods\GatewaysToEternity-1.21.1-5.1.0.jar","E:\stoneblock4-zh_tw\resourcepacks\sb4-zh_tw\assets\rewards\lang\zh_tw.json"
"seismic_vibrator","2","2","0","100","C:\Users\sad79\AppData\Roaming\PrismLauncher\instances\FTB StoneBlock 4\minecraft\mods\Mekanism-1.21.1-10.7.17.83.jar","E:\stoneblock4-zh_tw\resourcepacks\sb4-zh_tw\assets\seismic_vibrator\lang\zh_tw.json"
"status","2","2","0","100","C:\Users\sad79\AppData\Roaming\PrismLauncher\instances\FTB StoneBlock 4\minecraft\mods\Mekanism-1.21.1-10.7.17.83.jar","E:\stoneblock4-zh_tw\resourcepacks\sb4-zh_tw\assets\status\lang\zh_tw.json"
"villager","2","2","0","100","C:\Users\sad79\AppData\Roaming\PrismLauncher\instances\FTB StoneBlock 4\minecraft\mods\actuallyadditions-1.3.24+mc1.21.1.jar","E:\stoneblock4-zh_tw\resourcepacks\sb4-zh_tw\assets\villager\lang\zh_tw.json"
"waste_barrel","2","2","0","100","C:\Users\sad79\AppData\Roaming\PrismLauncher\instances\FTB StoneBlock 4\minecraft\mods\Mekanism-1.21.1-10.7.17.83.jar","E:\stoneblock4-zh_tw\resourcepacks\sb4-zh_tw\assets\waste_barrel\lang\zh_tw.json"
"wind_generator","2","2","0","100","C:\Users\sad79\AppData\Roaming\PrismLauncher\instances\FTB StoneBlock 4\minecraft\mods\MekanismGenerators-1.21.1-10.7.17.83.jar","E:\stoneblock4-zh_tw\resourcepacks\sb4-zh_tw\assets\wind_generator\lang\zh_tw.json"
"wireless_hub","2","2","0","100","C:\Users\sad79\AppData\Roaming\PrismLauncher\instances\FTB StoneBlock 4\minecraft\mods\ExtendedAE-1.21-2.2.27-neoforge.jar","E:\stoneblock4-zh_tw\resourcepacks\sb4-zh_tw\assets\wireless_hub\lang\zh_tw.json"
"abyss_blast","1","1","0","100","C:\Users\sad79\AppData\Roaming\PrismLauncher\instances\FTB StoneBlock 4\minecraft\mods\L_Ender's Cataclysm 1.21.1-3.16.jar","E:\stoneblock4-zh_tw\resourcepacks\sb4-zh_tw\assets\abyss_blast\lang\zh_tw.json"
"abyss_blast_shoot","1","1","0","100","C:\Users\sad79\AppData\Roaming\PrismLauncher\instances\FTB StoneBlock 4\minecraft\mods\L_Ender's Cataclysm 1.21.1-3.16.jar","E:\stoneblock4-zh_tw\resourcepacks\sb4-zh_tw\assets\abyss_blast_shoot\lang\zh_tw.json"
"actualladditions","1","1","0","100","C:\Users\sad79\AppData\Roaming\PrismLauncher\instances\FTB StoneBlock 4\minecraft\mods\actuallyadditions-1.3.24+mc1.21.1.jar","E:\stoneblock4-zh_tw\resourcepacks\sb4-zh_tw\assets\actualladditions\lang\zh_tw.json"
"aptrgangr_death","1","1","0","100","C:\Users\sad79\AppData\Roaming\PrismLauncher\instances\FTB StoneBlock 4\minecraft\mods\L_Ender's Cataclysm 1.21.1-3.16.jar","E:\stoneblock4-zh_tw\resourcepacks\sb4-zh_tw\assets\aptrgangr_death\lang\zh_tw.json"
"aptrgangr_hurt","1","1","0","100","C:\Users\sad79\AppData\Roaming\PrismLauncher\instances\FTB StoneBlock 4\minecraft\mods\L_Ender's Cataclysm 1.21.1-3.16.jar","E:\stoneblock4-zh_tw\resourcepacks\sb4-zh_tw\assets\aptrgangr_hurt\lang\zh_tw.json"
"aptrgangr_idle","1","1","0","100","C:\Users\sad79\AppData\Roaming\PrismLauncher\instances\FTB StoneBlock 4\minecraft\mods\L_Ender's Cataclysm 1.21.1-3.16.jar","E:\stoneblock4-zh_tw\resourcepacks\sb4-zh_tw\assets\aptrgangr_idle\lang\zh_tw.json"
"arsnouveau","1","1","0","100","C:\Users\sad79\AppData\Roaming\PrismLauncher\instances\FTB StoneBlock 4\minecraft\mods\ars_nouveau-1.21.1-5.11.1.jar","E:\stoneblock4-zh_tw\resourcepacks\sb4-zh_tw\assets\arsnouveau\lang\zh_tw.json"
"axe_swing","1","1","0","100","C:\Users\sad79\AppData\Roaming\PrismLauncher\instances\FTB StoneBlock 4\minecraft\mods\L_Ender's Cataclysm 1.21.1-3.16.jar","E:\stoneblock4-zh_tw\resourcepacks\sb4-zh_tw\assets\axe_swing\lang\zh_tw.json"
"black_hole_closing","1","1","0","100","C:\Users\sad79\AppData\Roaming\PrismLauncher\instances\FTB StoneBlock 4\minecraft\mods\L_Ender's Cataclysm 1.21.1-3.16.jar","E:\stoneblock4-zh_tw\resourcepacks\sb4-zh_tw\assets\black_hole_closing\lang\zh_tw.json"
"black_hole_loop","1","1","0","100","C:\Users\sad79\AppData\Roaming\PrismLauncher\instances\FTB StoneBlock 4\minecraft\mods\L_Ender's Cataclysm 1.21.1-3.16.jar","E:\stoneblock4-zh_tw\resourcepacks\sb4-zh_tw\assets\black_hole_loop\lang\zh_tw.json"
"black_hole_opening","1","1","0","100","C:\Users\sad79\AppData\Roaming\PrismLauncher\instances\FTB StoneBlock 4\minecraft\mods\L_Ender's Cataclysm 1.21.1-3.16.jar","E:\stoneblock4-zh_tw\resourcepacks\sb4-zh_tw\assets\black_hole_opening\lang\zh_tw.json"
"coral_golem_death","1","1","0","100","C:\Users\sad79\AppData\Roaming\PrismLauncher\instances\FTB StoneBlock 4\minecraft\mods\L_Ender's Cataclysm 1.21.1-3.16.jar","E:\stoneblock4-zh_tw\resourcepacks\sb4-zh_tw\assets\coral_golem_death\lang\zh_tw.json"
"coral_golem_hurt","1","1","0","100","C:\Users\sad79\AppData\Roaming\PrismLauncher\instances\FTB StoneBlock 4\minecraft\mods\L_Ender's Cataclysm 1.21.1-3.16.jar","E:\stoneblock4-zh_tw\resourcepacks\sb4-zh_tw\assets\coral_golem_hurt\lang\zh_tw.json"
"coralssus_ambient","1","1","0","100","C:\Users\sad79\AppData\Roaming\PrismLauncher\instances\FTB StoneBlock 4\minecraft\mods\L_Ender's Cataclysm 1.21.1-3.16.jar","E:\stoneblock4-zh_tw\resourcepacks\sb4-zh_tw\assets\coralssus_ambient\lang\zh_tw.json"
"coralssus_death","1","1","0","100","C:\Users\sad79\AppData\Roaming\PrismLauncher\instances\FTB StoneBlock 4\minecraft\mods\L_Ender's Cataclysm 1.21.1-3.16.jar","E:\stoneblock4-zh_tw\resourcepacks\sb4-zh_tw\assets\coralssus_death\lang\zh_tw.json"
"coralssus_hurt","1","1","0","100","C:\Users\sad79\AppData\Roaming\PrismLauncher\instances\FTB StoneBlock 4\minecraft\mods\L_Ender's Cataclysm 1.21.1-3.16.jar","E:\stoneblock4-zh_tw\resourcepacks\sb4-zh_tw\assets\coralssus_hurt\lang\zh_tw.json"
"coralssus_roar","1","1","0","100","C:\Users\sad79\AppData\Roaming\PrismLauncher\instances\FTB StoneBlock 4\minecraft\mods\L_Ender's Cataclysm 1.21.1-3.16.jar","E:\stoneblock4-zh_tw\resourcepacks\sb4-zh_tw\assets\coralssus_roar\lang\zh_tw.json"
"crab_bite","1","1","0","100","C:\Users\sad79\AppData\Roaming\PrismLauncher\instances\FTB StoneBlock 4\minecraft\mods\L_Ender's Cataclysm 1.21.1-3.16.jar","E:\stoneblock4-zh_tw\resourcepacks\sb4-zh_tw\assets\crab_bite\lang\zh_tw.json"
"crab_death","1","1","0","100","C:\Users\sad79\AppData\Roaming\PrismLauncher\instances\FTB StoneBlock 4\minecraft\mods\L_Ender's Cataclysm 1.21.1-3.16.jar","E:\stoneblock4-zh_tw\resourcepacks\sb4-zh_tw\assets\crab_death\lang\zh_tw.json"
"crab_hurt","1","1","0","100","C:\Users\sad79\AppData\Roaming\PrismLauncher\instances\FTB StoneBlock 4\minecraft\mods\L_Ender's Cataclysm 1.21.1-3.16.jar","E:\stoneblock4-zh_tw\resourcepacks\sb4-zh_tw\assets\crab_hurt\lang\zh_tw.json"
"creative_tab","1","1","0","100","C:\Users\sad79\AppData\Roaming\PrismLauncher\instances\FTB StoneBlock 4\minecraft\mods\ApothicEnchanting-1.21.1-1.5.0.jar","E:\stoneblock4-zh_tw\resourcepacks\sb4-zh_tw\assets\creative_tab\lang\zh_tw.json"
"cutter","1","1","0","100","C:\Users\sad79\AppData\Roaming\PrismLauncher\instances\FTB StoneBlock 4\minecraft\mods\ExtendedAE-1.21-2.2.27-neoforge.jar","E:\stoneblock4-zh_tw\resourcepacks\sb4-zh_tw\assets\cutter\lang\zh_tw.json"
"datapack","1","1","0","100","C:\Users\sad79\AppData\Roaming\PrismLauncher\instances\FTB StoneBlock 4\minecraft\mods\tempad-1.21.1-3.0.4-all.jar","E:\stoneblock4-zh_tw\resourcepacks\sb4-zh_tw\assets\datapack\lang\zh_tw.json"
"death_laser","1","1","0","100","C:\Users\sad79\AppData\Roaming\PrismLauncher\instances\FTB StoneBlock 4\minecraft\mods\L_Ender's Cataclysm 1.21.1-3.16.jar","E:\stoneblock4-zh_tw\resourcepacks\sb4-zh_tw\assets\death_laser\lang\zh_tw.json"
"deepling_death","1","1","0","100","C:\Users\sad79\AppData\Roaming\PrismLauncher\instances\FTB StoneBlock 4\minecraft\mods\L_Ender's Cataclysm 1.21.1-3.16.jar","E:\stoneblock4-zh_tw\resourcepacks\sb4-zh_tw\assets\deepling_death\lang\zh_tw.json"
"deepling_hurt","1","1","0","100","C:\Users\sad79\AppData\Roaming\PrismLauncher\instances\FTB StoneBlock 4\minecraft\mods\L_Ender's Cataclysm 1.21.1-3.16.jar","E:\stoneblock4-zh_tw\resourcepacks\sb4-zh_tw\assets\deepling_hurt\lang\zh_tw.json"
"deepling_idle","1","1","0","100","C:\Users\sad79\AppData\Roaming\PrismLauncher\instances\FTB StoneBlock 4\minecraft\mods\L_Ender's Cataclysm 1.21.1-3.16.jar","E:\stoneblock4-zh_tw\resourcepacks\sb4-zh_tw\assets\deepling_idle\lang\zh_tw.json"
"deepling_light","1","1","0","100","C:\Users\sad79\AppData\Roaming\PrismLauncher\instances\FTB StoneBlock 4\minecraft\mods\L_Ender's Cataclysm 1.21.1-3.16.jar","E:\stoneblock4-zh_tw\resourcepacks\sb4-zh_tw\assets\deepling_light\lang\zh_tw.json"
"deepling_swing","1","1","0","100","C:\Users\sad79\AppData\Roaming\PrismLauncher\instances\FTB StoneBlock 4\minecraft\mods\L_Ender's Cataclysm 1.21.1-3.16.jar","E:\stoneblock4-zh_tw\resourcepacks\sb4-zh_tw\assets\deepling_swing\lang\zh_tw.json"
"disenchanter","1","1","0","100","C:\Users\sad79\AppData\Roaming\PrismLauncher\instances\FTB StoneBlock 4\minecraft\mods\Draconic-Evolution-1.21.1-3.1.4.630.jar","E:\stoneblock4-zh_tw\resourcepacks\sb4-zh_tw\assets\disenchanter\lang\zh_tw.json"
"door_of_seal_open","1","1","0","100","C:\Users\sad79\AppData\Roaming\PrismLauncher\instances\FTB StoneBlock 4\minecraft\mods\L_Ender's Cataclysm 1.21.1-3.16.jar","E:\stoneblock4-zh_tw\resourcepacks\sb4-zh_tw\assets\door_of_seal_open\lang\zh_tw.json"
"draugr_death","1","1","0","100","C:\Users\sad79\AppData\Roaming\PrismLauncher\instances\FTB StoneBlock 4\minecraft\mods\L_Ender's Cataclysm 1.21.1-3.16.jar","E:\stoneblock4-zh_tw\resourcepacks\sb4-zh_tw\assets\draugr_death\lang\zh_tw.json"
"draugr_hurt","1","1","0","100","C:\Users\sad79\AppData\Roaming\PrismLauncher\instances\FTB StoneBlock 4\minecraft\mods\L_Ender's Cataclysm 1.21.1-3.16.jar","E:\stoneblock4-zh_tw\resourcepacks\sb4-zh_tw\assets\draugr_hurt\lang\zh_tw.json"
"draugr_idle","1","1","0","100","C:\Users\sad79\AppData\Roaming\PrismLauncher\instances\FTB StoneBlock 4\minecraft\mods\L_Ender's Cataclysm 1.21.1-3.16.jar","E:\stoneblock4-zh_tw\resourcepacks\sb4-zh_tw\assets\draugr_idle\lang\zh_tw.json"
"elite","1","1","0","100","C:\Users\sad79\AppData\Roaming\PrismLauncher\instances\FTB StoneBlock 4\minecraft\mods\Apotheosis-1.21.1-8.4.1.jar","E:\stoneblock4-zh_tw\resourcepacks\sb4-zh_tw\assets\elite\lang\zh_tw.json"
"emp_activated","1","1","0","100","C:\Users\sad79\AppData\Roaming\PrismLauncher\instances\FTB StoneBlock 4\minecraft\mods\L_Ender's Cataclysm 1.21.1-3.16.jar","E:\stoneblock4-zh_tw\resourcepacks\sb4-zh_tw\assets\emp_activated\lang\zh_tw.json"
"enderguardian_music","1","1","0","100","C:\Users\sad79\AppData\Roaming\PrismLauncher\instances\FTB StoneBlock 4\minecraft\mods\L_Ender's Cataclysm 1.21.1-3.16.jar","E:\stoneblock4-zh_tw\resourcepacks\sb4-zh_tw\assets\enderguardian_music\lang\zh_tw.json"
"enderguardianattack","1","1","0","100","C:\Users\sad79\AppData\Roaming\PrismLauncher\instances\FTB StoneBlock 4\minecraft\mods\L_Ender's Cataclysm 1.21.1-3.16.jar","E:\stoneblock4-zh_tw\resourcepacks\sb4-zh_tw\assets\enderguardianattack\lang\zh_tw.json"
"enderguardiandeath","1","1","0","100","C:\Users\sad79\AppData\Roaming\PrismLauncher\instances\FTB StoneBlock 4\minecraft\mods\L_Ender's Cataclysm 1.21.1-3.16.jar","E:\stoneblock4-zh_tw\resourcepacks\sb4-zh_tw\assets\enderguardiandeath\lang\zh_tw.json"
"enderguardianhurt","1","1","0","100","C:\Users\sad79\AppData\Roaming\PrismLauncher\instances\FTB StoneBlock 4\minecraft\mods\L_Ender's Cataclysm 1.21.1-3.16.jar","E:\stoneblock4-zh_tw\resourcepacks\sb4-zh_tw\assets\enderguardianhurt\lang\zh_tw.json"
"endermaptera_ambient","1","1","0","100","C:\Users\sad79\AppData\Roaming\PrismLauncher\instances\FTB StoneBlock 4\minecraft\mods\L_Ender's Cataclysm 1.21.1-3.16.jar","E:\stoneblock4-zh_tw\resourcepacks\sb4-zh_tw\assets\endermaptera_ambient\lang\zh_tw.json"
"endermaptera_death","1","1","0","100","C:\Users\sad79\AppData\Roaming\PrismLauncher\instances\FTB StoneBlock 4\minecraft\mods\L_Ender's Cataclysm 1.21.1-3.16.jar","E:\stoneblock4-zh_tw\resourcepacks\sb4-zh_tw\assets\endermaptera_death\lang\zh_tw.json"
"endermaptera_hurt","1","1","0","100","C:\Users\sad79\AppData\Roaming\PrismLauncher\instances\FTB StoneBlock 4\minecraft\mods\L_Ender's Cataclysm 1.21.1-3.16.jar","E:\stoneblock4-zh_tw\resourcepacks\sb4-zh_tw\assets\endermaptera_hurt\lang\zh_tw.json"
"endermaptera_step","1","1","0","100","C:\Users\sad79\AppData\Roaming\PrismLauncher\instances\FTB StoneBlock 4\minecraft\mods\L_Ender's Cataclysm 1.21.1-3.16.jar","E:\stoneblock4-zh_tw\resourcepacks\sb4-zh_tw\assets\endermaptera_step\lang\zh_tw.json"
"entity","1","1","0","100","C:\Users\sad79\AppData\Roaming\PrismLauncher\instances\FTB StoneBlock 4\minecraft\mods\industrialforegoing-1.21-3.6.37.jar","E:\stoneblock4-zh_tw\resourcepacks\sb4-zh_tw\assets\entity\lang\zh_tw.json"
"es","1","1","0","100","C:\Users\sad79\AppData\Roaming\PrismLauncher\instances\FTB StoneBlock 4\minecraft\mods\MekanismLasers-1.12.1-1.1.10.2.jar","E:\stoneblock4-zh_tw\resourcepacks\sb4-zh_tw\assets\es\lang\zh_tw.json"
"fakeplayer","1","1","0","100","C:\Users\sad79\AppData\Roaming\PrismLauncher\instances\FTB StoneBlock 4\minecraft\mods\mob_grinding_utils-1.1.10+mc1.21.1.jar","E:\stoneblock4-zh_tw\resourcepacks\sb4-zh_tw\assets\fakeplayer\lang\zh_tw.json"
"flame_burst","1","1","0","100","C:\Users\sad79\AppData\Roaming\PrismLauncher\instances\FTB StoneBlock 4\minecraft\mods\L_Ender's Cataclysm 1.21.1-3.16.jar","E:\stoneblock4-zh_tw\resourcepacks\sb4-zh_tw\assets\flame_burst\lang\zh_tw.json"
"flame_trap","1","1","0","100","C:\Users\sad79\AppData\Roaming\PrismLauncher\instances\FTB StoneBlock 4\minecraft\mods\L_Ender's Cataclysm 1.21.1-3.16.jar","E:\stoneblock4-zh_tw\resourcepacks\sb4-zh_tw\assets\flame_trap\lang\zh_tw.json"
"frameddrawer","1","1","0","100","C:\Users\sad79\AppData\Roaming\PrismLauncher\instances\FTB StoneBlock 4\minecraft\mods\functionalstorage-1.21.1-1.5.5.jar","E:\stoneblock4-zh_tw\resourcepacks\sb4-zh_tw\assets\frameddrawer\lang\zh_tw.json"
"gofish","1","1","0","100","C:\Users\sad79\AppData\Roaming\PrismLauncher\instances\FTB StoneBlock 4\minecraft\mods\enchdesc-neoforge-1.21.1-21.1.9.jar","E:\stoneblock4-zh_tw\resourcepacks\sb4-zh_tw\assets\gofish\lang\zh_tw.json"
"golemattack","1","1","0","100","C:\Users\sad79\AppData\Roaming\PrismLauncher\instances\FTB StoneBlock 4\minecraft\mods\L_Ender's Cataclysm 1.21.1-3.16.jar","E:\stoneblock4-zh_tw\resourcepacks\sb4-zh_tw\assets\golemattack\lang\zh_tw.json"
"golemdeath","1","1","0","100","C:\Users\sad79\AppData\Roaming\PrismLauncher\instances\FTB StoneBlock 4\minecraft\mods\L_Ender's Cataclysm 1.21.1-3.16.jar","E:\stoneblock4-zh_tw\resourcepacks\sb4-zh_tw\assets\golemdeath\lang\zh_tw.json"
"golemhurt","1","1","0","100","C:\Users\sad79\AppData\Roaming\PrismLauncher\instances\FTB StoneBlock 4\minecraft\mods\L_Ender's Cataclysm 1.21.1-3.16.jar","E:\stoneblock4-zh_tw\resourcepacks\sb4-zh_tw\assets\golemhurt\lang\zh_tw.json"
"hammertime","1","1","0","100","C:\Users\sad79\AppData\Roaming\PrismLauncher\instances\FTB StoneBlock 4\minecraft\mods\L_Ender's Cataclysm 1.21.1-3.16.jar","E:\stoneblock4-zh_tw\resourcepacks\sb4-zh_tw\assets\hammertime\lang\zh_tw.json"
"harbinger_charge","1","1","0","100","C:\Users\sad79\AppData\Roaming\PrismLauncher\instances\FTB StoneBlock 4\minecraft\mods\L_Ender's Cataclysm 1.21.1-3.16.jar","E:\stoneblock4-zh_tw\resourcepacks\sb4-zh_tw\assets\harbinger_charge\lang\zh_tw.json"
"harbinger_charge_prepare","1","1","0","100","C:\Users\sad79\AppData\Roaming\PrismLauncher\instances\FTB StoneBlock 4\minecraft\mods\L_Ender's Cataclysm 1.21.1-3.16.jar","E:\stoneblock4-zh_tw\resourcepacks\sb4-zh_tw\assets\harbinger_charge_prepare\lang\zh_tw.json"
"harbinger_deathlaser_prepare","1","1","0","100","C:\Users\sad79\AppData\Roaming\PrismLauncher\instances\FTB StoneBlock 4\minecraft\mods\L_Ender's Cataclysm 1.21.1-3.16.jar","E:\stoneblock4-zh_tw\resourcepacks\sb4-zh_tw\assets\harbinger_deathlaser_prepare\lang\zh_tw.json"
"harbinger_hurt","1","1","0","100","C:\Users\sad79\AppData\Roaming\PrismLauncher\instances\FTB StoneBlock 4\minecraft\mods\L_Ender's Cataclysm 1.21.1-3.16.jar","E:\stoneblock4-zh_tw\resourcepacks\sb4-zh_tw\assets\harbinger_hurt\lang\zh_tw.json"
"harbinger_idle","1","1","0","100","C:\Users\sad79\AppData\Roaming\PrismLauncher\instances\FTB StoneBlock 4\minecraft\mods\L_Ender's Cataclysm 1.21.1-3.16.jar","E:\stoneblock4-zh_tw\resourcepacks\sb4-zh_tw\assets\harbinger_idle\lang\zh_tw.json"
"harbinger_laser","1","1","0","100","C:\Users\sad79\AppData\Roaming\PrismLauncher\instances\FTB StoneBlock 4\minecraft\mods\L_Ender's Cataclysm 1.21.1-3.16.jar","E:\stoneblock4-zh_tw\resourcepacks\sb4-zh_tw\assets\harbinger_laser\lang\zh_tw.json"
"harbinger_mode_change","1","1","0","100","C:\Users\sad79\AppData\Roaming\PrismLauncher\instances\FTB StoneBlock 4\minecraft\mods\L_Ender's Cataclysm 1.21.1-3.16.jar","E:\stoneblock4-zh_tw\resourcepacks\sb4-zh_tw\assets\harbinger_mode_change\lang\zh_tw.json"
"harbinger_music","1","1","0","100","C:\Users\sad79\AppData\Roaming\PrismLauncher\instances\FTB StoneBlock 4\minecraft\mods\L_Ender's Cataclysm 1.21.1-3.16.jar","E:\stoneblock4-zh_tw\resourcepacks\sb4-zh_tw\assets\harbinger_music\lang\zh_tw.json"
"harbinger_prepare","1","1","0","100","C:\Users\sad79\AppData\Roaming\PrismLauncher\instances\FTB StoneBlock 4\minecraft\mods\L_Ender's Cataclysm 1.21.1-3.16.jar","E:\stoneblock4-zh_tw\resourcepacks\sb4-zh_tw\assets\harbinger_prepare\lang\zh_tw.json"
"harbinger_stun","1","1","0","100","C:\Users\sad79\AppData\Roaming\PrismLauncher\instances\FTB StoneBlock 4\minecraft\mods\L_Ender's Cataclysm 1.21.1-3.16.jar","E:\stoneblock4-zh_tw\resourcepacks\sb4-zh_tw\assets\harbinger_stun\lang\zh_tw.json"
"hunterillager","1","1","0","100","C:\Users\sad79\AppData\Roaming\PrismLauncher\instances\FTB StoneBlock 4\minecraft\mods\enchdesc-neoforge-1.21.1-21.1.9.jar","E:\stoneblock4-zh_tw\resourcepacks\sb4-zh_tw\assets\hunterillager\lang\zh_tw.json"
"ignis_ambient","1","1","0","100","C:\Users\sad79\AppData\Roaming\PrismLauncher\instances\FTB StoneBlock 4\minecraft\mods\L_Ender's Cataclysm 1.21.1-3.16.jar","E:\stoneblock4-zh_tw\resourcepacks\sb4-zh_tw\assets\ignis_ambient\lang\zh_tw.json"
"ignis_death","1","1","0","100","C:\Users\sad79\AppData\Roaming\PrismLauncher\instances\FTB StoneBlock 4\minecraft\mods\L_Ender's Cataclysm 1.21.1-3.16.jar","E:\stoneblock4-zh_tw\resourcepacks\sb4-zh_tw\assets\ignis_death\lang\zh_tw.json"
"ignis_hurt","1","1","0","100","C:\Users\sad79\AppData\Roaming\PrismLauncher\instances\FTB StoneBlock 4\minecraft\mods\L_Ender's Cataclysm 1.21.1-3.16.jar","E:\stoneblock4-zh_tw\resourcepacks\sb4-zh_tw\assets\ignis_hurt\lang\zh_tw.json"
"ignis_music","1","1","0","100","C:\Users\sad79\AppData\Roaming\PrismLauncher\instances\FTB StoneBlock 4\minecraft\mods\L_Ender's Cataclysm 1.21.1-3.16.jar","E:\stoneblock4-zh_tw\resourcepacks\sb4-zh_tw\assets\ignis_music\lang\zh_tw.json"
"ignis_poke","1","1","0","100","C:\Users\sad79\AppData\Roaming\PrismLauncher\instances\FTB StoneBlock 4\minecraft\mods\L_Ender's Cataclysm 1.21.1-3.16.jar","E:\stoneblock4-zh_tw\resourcepacks\sb4-zh_tw\assets\ignis_poke\lang\zh_tw.json"
"infinity","1","1","0","100","C:\Users\sad79\AppData\Roaming\PrismLauncher\instances\FTB StoneBlock 4\minecraft\mods\ExtendedAE-1.21-2.2.27-neoforge.jar","E:\stoneblock4-zh_tw\resourcepacks\sb4-zh_tw\assets\infinity\lang\zh_tw.json"
"ingredient","1","1","0","100","C:\Users\sad79\AppData\Roaming\PrismLauncher\instances\FTB StoneBlock 4\minecraft\mods\ApothicEnchanting-1.21.1-1.5.0.jar","E:\stoneblock4-zh_tw\resourcepacks\sb4-zh_tw\assets\ingredient\lang\zh_tw.json"
"justenoughprofessions","1","1","0","100","C:\Users\sad79\AppData\Roaming\PrismLauncher\instances\FTB StoneBlock 4\minecraft\mods\JustEnoughProfessions-neoforge-1.21.1-4.0.4.jar","E:\stoneblock4-zh_tw\resourcepacks\sb4-zh_tw\assets\justenoughprofessions\lang\zh_tw.json"
"kobolediator_ambient","1","1","0","100","C:\Users\sad79\AppData\Roaming\PrismLauncher\instances\FTB StoneBlock 4\minecraft\mods\L_Ender's Cataclysm 1.21.1-3.16.jar","E:\stoneblock4-zh_tw\resourcepacks\sb4-zh_tw\assets\kobolediator_ambient\lang\zh_tw.json"
"kobolediator_death","1","1","0","100","C:\Users\sad79\AppData\Roaming\PrismLauncher\instances\FTB StoneBlock 4\minecraft\mods\L_Ender's Cataclysm 1.21.1-3.16.jar","E:\stoneblock4-zh_tw\resourcepacks\sb4-zh_tw\assets\kobolediator_death\lang\zh_tw.json"
"kobolediator_hurt","1","1","0","100","C:\Users\sad79\AppData\Roaming\PrismLauncher\instances\FTB StoneBlock 4\minecraft\mods\L_Ender's Cataclysm 1.21.1-3.16.jar","E:\stoneblock4-zh_tw\resourcepacks\sb4-zh_tw\assets\kobolediator_hurt\lang\zh_tw.json"
"koboleton_ambient","1","1","0","100","C:\Users\sad79\AppData\Roaming\PrismLauncher\instances\FTB StoneBlock 4\minecraft\mods\L_Ender's Cataclysm 1.21.1-3.16.jar","E:\stoneblock4-zh_tw\resourcepacks\sb4-zh_tw\assets\koboleton_ambient\lang\zh_tw.json"
"koboleton_death","1","1","0","100","C:\Users\sad79\AppData\Roaming\PrismLauncher\instances\FTB StoneBlock 4\minecraft\mods\L_Ender's Cataclysm 1.21.1-3.16.jar","E:\stoneblock4-zh_tw\resourcepacks\sb4-zh_tw\assets\koboleton_death\lang\zh_tw.json"
"koboleton_hurt","1","1","0","100","C:\Users\sad79\AppData\Roaming\PrismLauncher\instances\FTB StoneBlock 4\minecraft\mods\L_Ender's Cataclysm 1.21.1-3.16.jar","E:\stoneblock4-zh_tw\resourcepacks\sb4-zh_tw\assets\koboleton_hurt\lang\zh_tw.json"
"koboleton_step","1","1","0","100","C:\Users\sad79\AppData\Roaming\PrismLauncher\instances\FTB StoneBlock 4\minecraft\mods\L_Ender's Cataclysm 1.21.1-3.16.jar","E:\stoneblock4-zh_tw\resourcepacks\sb4-zh_tw\assets\koboleton_step\lang\zh_tw.json"
"leviathan_bite","1","1","0","100","C:\Users\sad79\AppData\Roaming\PrismLauncher\instances\FTB StoneBlock 4\minecraft\mods\L_Ender's Cataclysm 1.21.1-3.16.jar","E:\stoneblock4-zh_tw\resourcepacks\sb4-zh_tw\assets\leviathan_bite\lang\zh_tw.json"
"leviathan_defeat","1","1","0","100","C:\Users\sad79\AppData\Roaming\PrismLauncher\instances\FTB StoneBlock 4\minecraft\mods\L_Ender's Cataclysm 1.21.1-3.16.jar","E:\stoneblock4-zh_tw\resourcepacks\sb4-zh_tw\assets\leviathan_defeat\lang\zh_tw.json"
"leviathan_hurt","1","1","0","100","C:\Users\sad79\AppData\Roaming\PrismLauncher\instances\FTB StoneBlock 4\minecraft\mods\L_Ender's Cataclysm 1.21.1-3.16.jar","E:\stoneblock4-zh_tw\resourcepacks\sb4-zh_tw\assets\leviathan_hurt\lang\zh_tw.json"
"leviathan_idle","1","1","0","100","C:\Users\sad79\AppData\Roaming\PrismLauncher\instances\FTB StoneBlock 4\minecraft\mods\L_Ender's Cataclysm 1.21.1-3.16.jar","E:\stoneblock4-zh_tw\resourcepacks\sb4-zh_tw\assets\leviathan_idle\lang\zh_tw.json"
"leviathan_music","1","1","0","100","C:\Users\sad79\AppData\Roaming\PrismLauncher\instances\FTB StoneBlock 4\minecraft\mods\L_Ender's Cataclysm 1.21.1-3.16.jar","E:\stoneblock4-zh_tw\resourcepacks\sb4-zh_tw\assets\leviathan_music\lang\zh_tw.json"
"leviathan_music_1","1","1","0","100","C:\Users\sad79\AppData\Roaming\PrismLauncher\instances\FTB StoneBlock 4\minecraft\mods\L_Ender's Cataclysm 1.21.1-3.16.jar","E:\stoneblock4-zh_tw\resourcepacks\sb4-zh_tw\assets\leviathan_music_1\lang\zh_tw.json"
"leviathan_music_2","1","1","0","100","C:\Users\sad79\AppData\Roaming\PrismLauncher\instances\FTB StoneBlock 4\minecraft\mods\L_Ender's Cataclysm 1.21.1-3.16.jar","E:\stoneblock4-zh_tw\resourcepacks\sb4-zh_tw\assets\leviathan_music_2\lang\zh_tw.json"
"leviathan_roar","1","1","0","100","C:\Users\sad79\AppData\Roaming\PrismLauncher\instances\FTB StoneBlock 4\minecraft\mods\L_Ender's Cataclysm 1.21.1-3.16.jar","E:\stoneblock4-zh_tw\resourcepacks\sb4-zh_tw\assets\leviathan_roar\lang\zh_tw.json"
"leviathan_tentacle_strike","1","1","0","100","C:\Users\sad79\AppData\Roaming\PrismLauncher\instances\FTB StoneBlock 4\minecraft\mods\L_Ender's Cataclysm 1.21.1-3.16.jar","E:\stoneblock4-zh_tw\resourcepacks\sb4-zh_tw\assets\leviathan_tentacle_strike\lang\zh_tw.json"
"maledictus_battle_cry","1","1","0","100","C:\Users\sad79\AppData\Roaming\PrismLauncher\instances\FTB StoneBlock 4\minecraft\mods\L_Ender's Cataclysm 1.21.1-3.16.jar","E:\stoneblock4-zh_tw\resourcepacks\sb4-zh_tw\assets\maledictus_battle_cry\lang\zh_tw.json"
"maledictus_bow_pull","1","1","0","100","C:\Users\sad79\AppData\Roaming\PrismLauncher\instances\FTB StoneBlock 4\minecraft\mods\L_Ender's Cataclysm 1.21.1-3.16.jar","E:\stoneblock4-zh_tw\resourcepacks\sb4-zh_tw\assets\maledictus_bow_pull\lang\zh_tw.json"
"maledictus_hurt","1","1","0","100","C:\Users\sad79\AppData\Roaming\PrismLauncher\instances\FTB StoneBlock 4\minecraft\mods\L_Ender's Cataclysm 1.21.1-3.16.jar","E:\stoneblock4-zh_tw\resourcepacks\sb4-zh_tw\assets\maledictus_hurt\lang\zh_tw.json"
"maledictus_idle","1","1","0","100","C:\Users\sad79\AppData\Roaming\PrismLauncher\instances\FTB StoneBlock 4\minecraft\mods\L_Ender's Cataclysm 1.21.1-3.16.jar","E:\stoneblock4-zh_tw\resourcepacks\sb4-zh_tw\assets\maledictus_idle\lang\zh_tw.json"
"maledictus_leap","1","1","0","100","C:\Users\sad79\AppData\Roaming\PrismLauncher\instances\FTB StoneBlock 4\minecraft\mods\L_Ender's Cataclysm 1.21.1-3.16.jar","E:\stoneblock4-zh_tw\resourcepacks\sb4-zh_tw\assets\maledictus_leap\lang\zh_tw.json"
"maledictus_mace_swing","1","1","0","100","C:\Users\sad79\AppData\Roaming\PrismLauncher\instances\FTB StoneBlock 4\minecraft\mods\L_Ender's Cataclysm 1.21.1-3.16.jar","E:\stoneblock4-zh_tw\resourcepacks\sb4-zh_tw\assets\maledictus_mace_swing\lang\zh_tw.json"
"maledictus_music","1","1","0","100","C:\Users\sad79\AppData\Roaming\PrismLauncher\instances\FTB StoneBlock 4\minecraft\mods\L_Ender's Cataclysm 1.21.1-3.16.jar","E:\stoneblock4-zh_tw\resourcepacks\sb4-zh_tw\assets\maledictus_music\lang\zh_tw.json"
"maledictus_music_disc","1","1","0","100","C:\Users\sad79\AppData\Roaming\PrismLauncher\instances\FTB StoneBlock 4\minecraft\mods\L_Ender's Cataclysm 1.21.1-3.16.jar","E:\stoneblock4-zh_tw\resourcepacks\sb4-zh_tw\assets\maledictus_music_disc\lang\zh_tw.json"
"maledictus_short_roar","1","1","0","100","C:\Users\sad79\AppData\Roaming\PrismLauncher\instances\FTB StoneBlock 4\minecraft\mods\L_Ender's Cataclysm 1.21.1-3.16.jar","E:\stoneblock4-zh_tw\resourcepacks\sb4-zh_tw\assets\maledictus_short_roar\lang\zh_tw.json"
"maledictus_spear","1","1","0","100","C:\Users\sad79\AppData\Roaming\PrismLauncher\instances\FTB StoneBlock 4\minecraft\mods\L_Ender's Cataclysm 1.21.1-3.16.jar","E:\stoneblock4-zh_tw\resourcepacks\sb4-zh_tw\assets\maledictus_spear\lang\zh_tw.json"
"ministrosityhurt","1","1","0","100","C:\Users\sad79\AppData\Roaming\PrismLauncher\instances\FTB StoneBlock 4\minecraft\mods\L_Ender's Cataclysm 1.21.1-3.16.jar","E:\stoneblock4-zh_tw\resourcepacks\sb4-zh_tw\assets\ministrosityhurt\lang\zh_tw.json"
"modern_remnant_bite","1","1","0","100","C:\Users\sad79\AppData\Roaming\PrismLauncher\instances\FTB StoneBlock 4\minecraft\mods\L_Ender's Cataclysm 1.21.1-3.16.jar","E:\stoneblock4-zh_tw\resourcepacks\sb4-zh_tw\assets\modern_remnant_bite\lang\zh_tw.json"
"modern_remnant_death","1","1","0","100","C:\Users\sad79\AppData\Roaming\PrismLauncher\instances\FTB StoneBlock 4\minecraft\mods\L_Ender's Cataclysm 1.21.1-3.16.jar","E:\stoneblock4-zh_tw\resourcepacks\sb4-zh_tw\assets\modern_remnant_death\lang\zh_tw.json"
"modern_remnant_fill_bucket","1","1","0","100","C:\Users\sad79\AppData\Roaming\PrismLauncher\instances\FTB StoneBlock 4\minecraft\mods\L_Ender's Cataclysm 1.21.1-3.16.jar","E:\stoneblock4-zh_tw\resourcepacks\sb4-zh_tw\assets\modern_remnant_fill_bucket\lang\zh_tw.json"
"monstrosity_music","1","1","0","100","C:\Users\sad79\AppData\Roaming\PrismLauncher\instances\FTB StoneBlock 4\minecraft\mods\L_Ender's Cataclysm 1.21.1-3.16.jar","E:\stoneblock4-zh_tw\resourcepacks\sb4-zh_tw\assets\monstrosity_music\lang\zh_tw.json"
"monstrosityawaken","1","1","0","100","C:\Users\sad79\AppData\Roaming\PrismLauncher\instances\FTB StoneBlock 4\minecraft\mods\L_Ender's Cataclysm 1.21.1-3.16.jar","E:\stoneblock4-zh_tw\resourcepacks\sb4-zh_tw\assets\monstrosityawaken\lang\zh_tw.json"
"monstrositydeath","1","1","0","100","C:\Users\sad79\AppData\Roaming\PrismLauncher\instances\FTB StoneBlock 4\minecraft\mods\L_Ender's Cataclysm 1.21.1-3.16.jar","E:\stoneblock4-zh_tw\resourcepacks\sb4-zh_tw\assets\monstrositydeath\lang\zh_tw.json"
"monstrositygrowl","1","1","0","100","C:\Users\sad79\AppData\Roaming\PrismLauncher\instances\FTB StoneBlock 4\minecraft\mods\L_Ender's Cataclysm 1.21.1-3.16.jar","E:\stoneblock4-zh_tw\resourcepacks\sb4-zh_tw\assets\monstrositygrowl\lang\zh_tw.json"
"monstrosityhurt","1","1","0","100","C:\Users\sad79\AppData\Roaming\PrismLauncher\instances\FTB StoneBlock 4\minecraft\mods\L_Ender's Cataclysm 1.21.1-3.16.jar","E:\stoneblock4-zh_tw\resourcepacks\sb4-zh_tw\assets\monstrosityhurt\lang\zh_tw.json"
"monstrosityland","1","1","0","100","C:\Users\sad79\AppData\Roaming\PrismLauncher\instances\FTB StoneBlock 4\minecraft\mods\L_Ender's Cataclysm 1.21.1-3.16.jar","E:\stoneblock4-zh_tw\resourcepacks\sb4-zh_tw\assets\monstrosityland\lang\zh_tw.json"
"monstrosityshoot","1","1","0","100","C:\Users\sad79\AppData\Roaming\PrismLauncher\instances\FTB StoneBlock 4\minecraft\mods\L_Ender's Cataclysm 1.21.1-3.16.jar","E:\stoneblock4-zh_tw\resourcepacks\sb4-zh_tw\assets\monstrosityshoot\lang\zh_tw.json"
"monstrositystep","1","1","0","100","C:\Users\sad79\AppData\Roaming\PrismLauncher\instances\FTB StoneBlock 4\minecraft\mods\L_Ender's Cataclysm 1.21.1-3.16.jar","E:\stoneblock4-zh_tw\resourcepacks\sb4-zh_tw\assets\monstrositystep\lang\zh_tw.json"
"mymod","1","1","0","100","C:\Users\sad79\AppData\Roaming\PrismLauncher\instances\FTB StoneBlock 4\minecraft\mods\Jade-1.21.1-NeoForge-15.10.3.jar","E:\stoneblock4-zh_tw\resourcepacks\sb4-zh_tw\assets\mymod\lang\zh_tw.json"
"narrator","1","1","0","100","C:\Users\sad79\AppData\Roaming\PrismLauncher\instances\FTB StoneBlock 4\minecraft\mods\ars_nouveau-1.21.1-5.11.1.jar","E:\stoneblock4-zh_tw\resourcepacks\sb4-zh_tw\assets\narrator\lang\zh_tw.json"
"ore_generator","1","1","0","100","C:\Users\sad79\AppData\Roaming\PrismLauncher\instances\FTB StoneBlock 4\minecraft\mods\MekanismLasers-1.12.1-1.1.10.2.jar","E:\stoneblock4-zh_tw\resourcepacks\sb4-zh_tw\assets\ore_generator\lang\zh_tw.json"
"overworld","1","1","0","100","C:\Users\sad79\AppData\Roaming\PrismLauncher\instances\FTB StoneBlock 4\minecraft\mods\ars_nouveau-1.21.1-5.11.1.jar","E:\stoneblock4-zh_tw\resourcepacks\sb4-zh_tw\assets\overworld\lang\zh_tw.json"
"portal_abyss_blast","1","1","0","100","C:\Users\sad79\AppData\Roaming\PrismLauncher\instances\FTB StoneBlock 4\minecraft\mods\L_Ender's Cataclysm 1.21.1-3.16.jar","E:\stoneblock4-zh_tw\resourcepacks\sb4-zh_tw\assets\portal_abyss_blast\lang\zh_tw.json"
"productivemetalworksfoundry_tank","1","1","0","100","C:\Users\sad79\AppData\Roaming\PrismLauncher\instances\FTB StoneBlock 4\minecraft\mods\productivemetalworks-1.21.1-1.14.0.jar","E:\stoneblock4-zh_tw\resourcepacks\sb4-zh_tw\assets\productivemetalworksfoundry_tank\lang\zh_tw.json"
"prowler_death","1","1","0","100","C:\Users\sad79\AppData\Roaming\PrismLauncher\instances\FTB StoneBlock 4\minecraft\mods\L_Ender's Cataclysm 1.21.1-3.16.jar","E:\stoneblock4-zh_tw\resourcepacks\sb4-zh_tw\assets\prowler_death\lang\zh_tw.json"
"prowler_hurt","1","1","0","100","C:\Users\sad79\AppData\Roaming\PrismLauncher\instances\FTB StoneBlock 4\minecraft\mods\L_Ender's Cataclysm 1.21.1-3.16.jar","E:\stoneblock4-zh_tw\resourcepacks\sb4-zh_tw\assets\prowler_hurt\lang\zh_tw.json"
"prowler_idle","1","1","0","100","C:\Users\sad79\AppData\Roaming\PrismLauncher\instances\FTB StoneBlock 4\minecraft\mods\L_Ender's Cataclysm 1.21.1-3.16.jar","E:\stoneblock4-zh_tw\resourcepacks\sb4-zh_tw\assets\prowler_idle\lang\zh_tw.json"
"prowler_saw_attack","1","1","0","100","C:\Users\sad79\AppData\Roaming\PrismLauncher\instances\FTB StoneBlock 4\minecraft\mods\L_Ender's Cataclysm 1.21.1-3.16.jar","E:\stoneblock4-zh_tw\resourcepacks\sb4-zh_tw\assets\prowler_saw_attack\lang\zh_tw.json"
"prowler_saw_spin_attack","1","1","0","100","C:\Users\sad79\AppData\Roaming\PrismLauncher\instances\FTB StoneBlock 4\minecraft\mods\L_Ender's Cataclysm 1.21.1-3.16.jar","E:\stoneblock4-zh_tw\resourcepacks\sb4-zh_tw\assets\prowler_saw_spin_attack\lang\zh_tw.json"
"rarcompat","1","1","0","100","C:\Users\sad79\AppData\Roaming\PrismLauncher\instances\FTB StoneBlock 4\minecraft\mods\rarcompat-1.21-0.9.7.jar","E:\stoneblock4-zh_tw\resourcepacks\sb4-zh_tw\assets\rarcompat\lang\zh_tw.json"
"recipes","1","1","0","100","C:\Users\sad79\AppData\Roaming\PrismLauncher\instances\FTB StoneBlock 4\minecraft\mods\ApothicEnchanting-1.21.1-1.5.0.jar","E:\stoneblock4-zh_tw\resourcepacks\sb4-zh_tw\assets\recipes\lang\zh_tw.json"
"redstone_adapter","1","1","0","100","C:\Users\sad79\AppData\Roaming\PrismLauncher\instances\FTB StoneBlock 4\minecraft\mods\Mekanism-1.21.1-10.7.17.83.jar","E:\stoneblock4-zh_tw\resourcepacks\sb4-zh_tw\assets\redstone_adapter\lang\zh_tw.json"
"remnant_bite","1","1","0","100","C:\Users\sad79\AppData\Roaming\PrismLauncher\instances\FTB StoneBlock 4\minecraft\mods\L_Ender's Cataclysm 1.21.1-3.16.jar","E:\stoneblock4-zh_tw\resourcepacks\sb4-zh_tw\assets\remnant_bite\lang\zh_tw.json"
"remnant_breathing","1","1","0","100","C:\Users\sad79\AppData\Roaming\PrismLauncher\instances\FTB StoneBlock 4\minecraft\mods\L_Ender's Cataclysm 1.21.1-3.16.jar","E:\stoneblock4-zh_tw\resourcepacks\sb4-zh_tw\assets\remnant_breathing\lang\zh_tw.json"
"remnant_charge_prepare","1","1","0","100","C:\Users\sad79\AppData\Roaming\PrismLauncher\instances\FTB StoneBlock 4\minecraft\mods\L_Ender's Cataclysm 1.21.1-3.16.jar","E:\stoneblock4-zh_tw\resourcepacks\sb4-zh_tw\assets\remnant_charge_prepare\lang\zh_tw.json"
"remnant_charge_roar","1","1","0","100","C:\Users\sad79\AppData\Roaming\PrismLauncher\instances\FTB StoneBlock 4\minecraft\mods\L_Ender's Cataclysm 1.21.1-3.16.jar","E:\stoneblock4-zh_tw\resourcepacks\sb4-zh_tw\assets\remnant_charge_roar\lang\zh_tw.json"
"remnant_charge_step","1","1","0","100","C:\Users\sad79\AppData\Roaming\PrismLauncher\instances\FTB StoneBlock 4\minecraft\mods\L_Ender's Cataclysm 1.21.1-3.16.jar","E:\stoneblock4-zh_tw\resourcepacks\sb4-zh_tw\assets\remnant_charge_step\lang\zh_tw.json"
"remnant_death","1","1","0","100","C:\Users\sad79\AppData\Roaming\PrismLauncher\instances\FTB StoneBlock 4\minecraft\mods\L_Ender's Cataclysm 1.21.1-3.16.jar","E:\stoneblock4-zh_tw\resourcepacks\sb4-zh_tw\assets\remnant_death\lang\zh_tw.json"
"remnant_hurt","1","1","0","100","C:\Users\sad79\AppData\Roaming\PrismLauncher\instances\FTB StoneBlock 4\minecraft\mods\L_Ender's Cataclysm 1.21.1-3.16.jar","E:\stoneblock4-zh_tw\resourcepacks\sb4-zh_tw\assets\remnant_hurt\lang\zh_tw.json"
"remnant_idle","1","1","0","100","C:\Users\sad79\AppData\Roaming\PrismLauncher\instances\FTB StoneBlock 4\minecraft\mods\L_Ender's Cataclysm 1.21.1-3.16.jar","E:\stoneblock4-zh_tw\resourcepacks\sb4-zh_tw\assets\remnant_idle\lang\zh_tw.json"
"remnant_music","1","1","0","100","C:\Users\sad79\AppData\Roaming\PrismLauncher\instances\FTB StoneBlock 4\minecraft\mods\L_Ender's Cataclysm 1.21.1-3.16.jar","E:\stoneblock4-zh_tw\resourcepacks\sb4-zh_tw\assets\remnant_music\lang\zh_tw.json"
"remnant_roar","1","1","0","100","C:\Users\sad79\AppData\Roaming\PrismLauncher\instances\FTB StoneBlock 4\minecraft\mods\L_Ender's Cataclysm 1.21.1-3.16.jar","E:\stoneblock4-zh_tw\resourcepacks\sb4-zh_tw\assets\remnant_roar\lang\zh_tw.json"
"remnant_shockwave","1","1","0","100","C:\Users\sad79\AppData\Roaming\PrismLauncher\instances\FTB StoneBlock 4\minecraft\mods\L_Ender's Cataclysm 1.21.1-3.16.jar","E:\stoneblock4-zh_tw\resourcepacks\sb4-zh_tw\assets\remnant_shockwave\lang\zh_tw.json"
"remnant_stomp","1","1","0","100","C:\Users\sad79\AppData\Roaming\PrismLauncher\instances\FTB StoneBlock 4\minecraft\mods\L_Ender's Cataclysm 1.21.1-3.16.jar","E:\stoneblock4-zh_tw\resourcepacks\sb4-zh_tw\assets\remnant_stomp\lang\zh_tw.json"
"remnant_tail_slam","1","1","0","100","C:\Users\sad79\AppData\Roaming\PrismLauncher\instances\FTB StoneBlock 4\minecraft\mods\L_Ender's Cataclysm 1.21.1-3.16.jar","E:\stoneblock4-zh_tw\resourcepacks\sb4-zh_tw\assets\remnant_tail_slam\lang\zh_tw.json"
"remnant_tail_swing","1","1","0","100","C:\Users\sad79\AppData\Roaming\PrismLauncher\instances\FTB StoneBlock 4\minecraft\mods\L_Ender's Cataclysm 1.21.1-3.16.jar","E:\stoneblock4-zh_tw\resourcepacks\sb4-zh_tw\assets\remnant_tail_swing\lang\zh_tw.json"
"revenant_breath","1","1","0","100","C:\Users\sad79\AppData\Roaming\PrismLauncher\instances\FTB StoneBlock 4\minecraft\mods\L_Ender's Cataclysm 1.21.1-3.16.jar","E:\stoneblock4-zh_tw\resourcepacks\sb4-zh_tw\assets\revenant_breath\lang\zh_tw.json"
"revenant_death","1","1","0","100","C:\Users\sad79\AppData\Roaming\PrismLauncher\instances\FTB StoneBlock 4\minecraft\mods\L_Ender's Cataclysm 1.21.1-3.16.jar","E:\stoneblock4-zh_tw\resourcepacks\sb4-zh_tw\assets\revenant_death\lang\zh_tw.json"
"revenant_hurt","1","1","0","100","C:\Users\sad79\AppData\Roaming\PrismLauncher\instances\FTB StoneBlock 4\minecraft\mods\L_Ender's Cataclysm 1.21.1-3.16.jar","E:\stoneblock4-zh_tw\resourcepacks\sb4-zh_tw\assets\revenant_hurt\lang\zh_tw.json"
"revenant_idle","1","1","0","100","C:\Users\sad79\AppData\Roaming\PrismLauncher\instances\FTB StoneBlock 4\minecraft\mods\L_Ender's Cataclysm 1.21.1-3.16.jar","E:\stoneblock4-zh_tw\resourcepacks\sb4-zh_tw\assets\revenant_idle\lang\zh_tw.json"
"rocket_launch","1","1","0","100","C:\Users\sad79\AppData\Roaming\PrismLauncher\instances\FTB StoneBlock 4\minecraft\mods\L_Ender's Cataclysm 1.21.1-3.16.jar","E:\stoneblock4-zh_tw\resourcepacks\sb4-zh_tw\assets\rocket_launch\lang\zh_tw.json"
"sandstorm","1","1","0","100","C:\Users\sad79\AppData\Roaming\PrismLauncher\instances\FTB StoneBlock 4\minecraft\mods\L_Ender's Cataclysm 1.21.1-3.16.jar","E:\stoneblock4-zh_tw\resourcepacks\sb4-zh_tw\assets\sandstorm\lang\zh_tw.json"
"shredder_end","1","1","0","100","C:\Users\sad79\AppData\Roaming\PrismLauncher\instances\FTB StoneBlock 4\minecraft\mods\L_Ender's Cataclysm 1.21.1-3.16.jar","E:\stoneblock4-zh_tw\resourcepacks\sb4-zh_tw\assets\shredder_end\lang\zh_tw.json"
"shredder_loop","1","1","0","100","C:\Users\sad79\AppData\Roaming\PrismLauncher\instances\FTB StoneBlock 4\minecraft\mods\L_Ender's Cataclysm 1.21.1-3.16.jar","E:\stoneblock4-zh_tw\resourcepacks\sb4-zh_tw\assets\shredder_loop\lang\zh_tw.json"
"shredder_start","1","1","0","100","C:\Users\sad79\AppData\Roaming\PrismLauncher\instances\FTB StoneBlock 4\minecraft\mods\L_Ender's Cataclysm 1.21.1-3.16.jar","E:\stoneblock4-zh_tw\resourcepacks\sb4-zh_tw\assets\shredder_start\lang\zh_tw.json"
"socket","1","1","0","100","C:\Users\sad79\AppData\Roaming\PrismLauncher\instances\FTB StoneBlock 4\minecraft\mods\Apotheosis-1.21.1-8.4.1.jar","E:\stoneblock4-zh_tw\resourcepacks\sb4-zh_tw\assets\socket\lang\zh_tw.json"
"stalwart_dungeons","1","1","0","100","C:\Users\sad79\AppData\Roaming\PrismLauncher\instances\FTB StoneBlock 4\minecraft\mods\enchdesc-neoforge-1.21.1-21.1.9.jar","E:\stoneblock4-zh_tw\resourcepacks\sb4-zh_tw\assets\stalwart_dungeons\lang\zh_tw.json"
"strongswingattack","1","1","0","100","C:\Users\sad79\AppData\Roaming\PrismLauncher\instances\FTB StoneBlock 4\minecraft\mods\L_Ender's Cataclysm 1.21.1-3.16.jar","E:\stoneblock4-zh_tw\resourcepacks\sb4-zh_tw\assets\strongswingattack\lang\zh_tw.json"
"swingattack","1","1","0","100","C:\Users\sad79\AppData\Roaming\PrismLauncher\instances\FTB StoneBlock 4\minecraft\mods\L_Ender's Cataclysm 1.21.1-3.16.jar","E:\stoneblock4-zh_tw\resourcepacks\sb4-zh_tw\assets\swingattack\lang\zh_tw.json"
"sword_stomp","1","1","0","100","C:\Users\sad79\AppData\Roaming\PrismLauncher\instances\FTB StoneBlock 4\minecraft\mods\L_Ender's Cataclysm 1.21.1-3.16.jar","E:\stoneblock4-zh_tw\resourcepacks\sb4-zh_tw\assets\sword_stomp\lang\zh_tw.json"
"the_end","1","1","0","100","C:\Users\sad79\AppData\Roaming\PrismLauncher\instances\FTB StoneBlock 4\minecraft\mods\ars_nouveau-1.21.1-5.11.1.jar","E:\stoneblock4-zh_tw\resourcepacks\sb4-zh_tw\assets\the_end\lang\zh_tw.json"
"the_nether","1","1","0","100","C:\Users\sad79\AppData\Roaming\PrismLauncher\instances\FTB StoneBlock 4\minecraft\mods\ars_nouveau-1.21.1-5.11.1.jar","E:\stoneblock4-zh_tw\resourcepacks\sb4-zh_tw\assets\the_nether\lang\zh_tw.json"
"tidal_hook_hit","1","1","0","100","C:\Users\sad79\AppData\Roaming\PrismLauncher\instances\FTB StoneBlock 4\minecraft\mods\L_Ender's Cataclysm 1.21.1-3.16.jar","E:\stoneblock4-zh_tw\resourcepacks\sb4-zh_tw\assets\tidal_hook_hit\lang\zh_tw.json"
"tidal_hook_loop","1","1","0","100","C:\Users\sad79\AppData\Roaming\PrismLauncher\instances\FTB StoneBlock 4\minecraft\mods\L_Ender's Cataclysm 1.21.1-3.16.jar","E:\stoneblock4-zh_tw\resourcepacks\sb4-zh_tw\assets\tidal_hook_loop\lang\zh_tw.json"
"tidal_tentacle","1","1","0","100","C:\Users\sad79\AppData\Roaming\PrismLauncher\instances\FTB StoneBlock 4\minecraft\mods\L_Ender's Cataclysm 1.21.1-3.16.jar","E:\stoneblock4-zh_tw\resourcepacks\sb4-zh_tw\assets\tidal_tentacle\lang\zh_tw.json"
"tipsmod","1","1","0","100","C:\Users\sad79\AppData\Roaming\PrismLauncher\instances\FTB StoneBlock 4\minecraft\mods\tipsmod-neoforge-1.21.1-21.1.3.jar","E:\stoneblock4-zh_tw\resourcepacks\sb4-zh_tw\assets\tipsmod\lang\zh_tw.json"
"toggle_focus","1","1","0","100","C:\Users\sad79\AppData\Roaming\PrismLauncher\instances\FTB StoneBlock 4\minecraft\mods\appliedenergistics2-19.2.17.jar","E:\stoneblock4-zh_tw\resourcepacks\sb4-zh_tw\assets\toggle_focus\lang\zh_tw.json"
"trade_cycling","1","1","0","100","C:\Users\sad79\AppData\Roaming\PrismLauncher\instances\FTB StoneBlock 4\minecraft\mods\trade-cycling-neoforge-1.21.1-1.0.18.jar","E:\stoneblock4-zh_tw\resourcepacks\sb4-zh_tw\assets\trade_cycling\lang\zh_tw.json"
"trim_pattern","1","1","0","100","C:\Users\sad79\AppData\Roaming\PrismLauncher\instances\FTB StoneBlock 4\minecraft\mods\supplementaries-1.21-3.5.16-neoforge.jar","E:\stoneblock4-zh_tw\resourcepacks\sb4-zh_tw\assets\trim_pattern\lang\zh_tw.json"
"void_warn","1","1","0","100","C:\Users\sad79\AppData\Roaming\PrismLauncher\instances\FTB StoneBlock 4\minecraft\mods\ExtendedAE-1.21-2.2.27-neoforge.jar","E:\stoneblock4-zh_tw\resourcepacks\sb4-zh_tw\assets\void_warn\lang\zh_tw.json"
"voidrunerising","1","1","0","100","C:\Users\sad79\AppData\Roaming\PrismLauncher\instances\FTB StoneBlock 4\minecraft\mods\L_Ender's Cataclysm 1.21.1-3.16.jar","E:\stoneblock4-zh_tw\resourcepacks\sb4-zh_tw\assets\voidrunerising\lang\zh_tw.json"
"wadjet_ambient","1","1","0","100","C:\Users\sad79\AppData\Roaming\PrismLauncher\instances\FTB StoneBlock 4\minecraft\mods\L_Ender's Cataclysm 1.21.1-3.16.jar","E:\stoneblock4-zh_tw\resourcepacks\sb4-zh_tw\assets\wadjet_ambient\lang\zh_tw.json"
"wadjet_death","1","1","0","100","C:\Users\sad79\AppData\Roaming\PrismLauncher\instances\FTB StoneBlock 4\minecraft\mods\L_Ender's Cataclysm 1.21.1-3.16.jar","E:\stoneblock4-zh_tw\resourcepacks\sb4-zh_tw\assets\wadjet_death\lang\zh_tw.json"
"wadjet_hurt","1","1","0","100","C:\Users\sad79\AppData\Roaming\PrismLauncher\instances\FTB StoneBlock 4\minecraft\mods\L_Ender's Cataclysm 1.21.1-3.16.jar","E:\stoneblock4-zh_tw\resourcepacks\sb4-zh_tw\assets\wadjet_hurt\lang\zh_tw.json"
"watcher_death","1","1","0","100","C:\Users\sad79\AppData\Roaming\PrismLauncher\instances\FTB StoneBlock 4\minecraft\mods\L_Ender's Cataclysm 1.21.1-3.16.jar","E:\stoneblock4-zh_tw\resourcepacks\sb4-zh_tw\assets\watcher_death\lang\zh_tw.json"
"watcher_hurt","1","1","0","100","C:\Users\sad79\AppData\Roaming\PrismLauncher\instances\FTB StoneBlock 4\minecraft\mods\L_Ender's Cataclysm 1.21.1-3.16.jar","E:\stoneblock4-zh_tw\resourcepacks\sb4-zh_tw\assets\watcher_hurt\lang\zh_tw.json"
"wiki","1","1","0","100","C:\Users\sad79\AppData\Roaming\PrismLauncher\instances\FTB StoneBlock 4\minecraft\mods\Powah-6.2.7.jar","E:\stoneblock4-zh_tw\resourcepacks\sb4-zh_tw\assets\wiki\lang\zh_tw.json"
"woodenshears","1","1","0","100","C:\Users\sad79\AppData\Roaming\PrismLauncher\instances\FTB StoneBlock 4\minecraft\mods\woodenshears-neoforge-1.21-3.2.2.0.jar","E:\stoneblock4-zh_tw\resourcepacks\sb4-zh_tw\assets\woodenshears\lang\zh_tw.json"
